Continent,Pays,Name,Net_Worth
Afrique,Afrique du Sud,Johann Rupert,7.4
Afrique,Afrique du Sud,Nicky Oppenheimer,6.7
Afrique,Afrique du Sud,Christoffel Wiese,6.3
Afrique,Afrique du Sud,Koos Bekker,2.3
Afrique,Afrique du Sud,Patrice Motsepe,2.2
Afrique,Afrique du Sud,Stephen Saad,2.1
Afrique,Afrique du Sud,Allan Gray,1.6
Afrique,Algérie,Issad Rebrab,3.1
Europe,Allemagne,Georg Schaeffler,26.9
Europe,Allemagne,Beate Heister & Karl Albrecht Jr.,21.3
Europe,Allemagne,Dieter Schwarz,19.4
Europe,Allemagne,"Theo Albrecht, Jr.",19
Europe,Allemagne,Michael Otto,18.1
Europe,Allemagne,Susanne Klatten,16.8
Europe,Allemagne,Stefan Quandt,15.6
Europe,Allemagne,Johanna Quandt,13.9
Europe,Allemagne,Klaus-Michael Kuehne,11.9
Europe,Allemagne,Hasso Plattner,9.1
Europe,Allemagne,Klaus Tschira,8.6
Europe,Allemagne,August von Finck,7.7
Europe,Allemagne,Dietmar Hopp,7.2
Europe,Allemagne,Maria-Elisabeth Schaeffler,6.7
Europe,Allemagne,Reinhold Wuerth,6.7
Europe,Allemagne,Heinz Hermann Thiele,6.4
Europe,Allemagne,Curt Engelhorn,6.2
Europe,Allemagne,Karl-Heinz Kipp,5
Europe,Allemagne,Heinrich Deichmann,4.6
Europe,Allemagne,Ludwig Merckle,4.6
Europe,Allemagne,Michael Herz,4.5
Europe,Allemagne,Wolfgang Herz,4.5
Europe,Allemagne,Guenther Fielmann,4.4
Europe,Allemagne,Aloys Wobben,4.2
Europe,Allemagne,Wolfgang Reimann,4
Europe,Allemagne,Matthias Reimann-Andersen,4
Europe,Allemagne,Stefan Reimann-Andersen,4
Europe,Allemagne,Renate Reimann-Haas,4
Europe,Allemagne,Friede Springer,4
Europe,Allemagne,Ralph Dommermuth,3.9
Europe,Allemagne,Andreas von Bechtolsheim,3.9
Europe,Allemagne,Traudl Engelhorn,3.7
Europe,Allemagne,Ursula Engelhorn,3.7
Europe,Allemagne,Theo Mueller,3.7
Europe,Allemagne,Elizabeth Mohn,3.6
Europe,Allemagne,Martin Viessmann,3.5
Europe,Allemagne,Christa Gelpke,3.4
Europe,Allemagne,Erich Kellerhals,3.4
Europe,Allemagne,Heinz-Georg Baus,3.4
Europe,Allemagne,Axel Oberwelland,3.3
Europe,Allemagne,Andreas Struengmann,3.3
Europe,Allemagne,Thomas Struengmann,3.3
Europe,Allemagne,Erivan Haub,3.1
Europe,Allemagne,Hans Peter Wild,3
Europe,Allemagne,Guenter Herz & Family,2.9
Europe,Allemagne,Daniela Herz,2.9
Europe,Allemagne,Siegfried Meister,2.9
Europe,Allemagne,Dirk Rossmann,2.9
Europe,Allemagne,Michael & Rainer Schmidt-Ruthenbeck,2.9
Europe,Allemagne,Yvonne Bauer,2.8
Europe,Allemagne,Wolfgang Marguerre,2.8
Europe,Allemagne,Bernard Broermann,2.7
Europe,Allemagne,Hubert Burda,2.7
Europe,Allemagne,Otto Happel,2.7
Europe,Allemagne,Friedhelm Loh,2.7
Europe,Allemagne,Christoph Zeller,2.7
Europe,Allemagne,Michael Stoschek,2.6
Europe,Allemagne,Guenther Lehmann,2.5
Europe,Allemagne,Ingeburg Herz,2.4
Europe,Allemagne,Erwin Franz Mueller,2.4
Europe,Allemagne,Alexandra Schorghuber,2.4
Europe,Allemagne,Bernd Freier,2.3
Europe,Allemagne,Clemens Toennies,2.2
Europe,Allemagne,Hans Georg Naeder,2
Europe,Allemagne,Georg von Opel,2
Europe,Allemagne,Jurgen Blickle,1.9
Europe,Allemagne,Friedrich Knapp,1.9
Europe,Allemagne,Lutz Mario Helmig,1.8
Europe,Allemagne,Sylvia Stroher,1.8
Europe,Allemagne,Peter Unger,1.8
Europe,Allemagne,Rainer Blickle,1.7
Europe,Allemagne,Christoph Henkel,1.7
Europe,Allemagne,"Anton Kathrein, Jr.",1.7
Europe,Allemagne,Alexander Samwer,1.7
Europe,Allemagne,Marc Samwer,1.7
Europe,Allemagne,Oliver Samwer,1.7
Europe,Allemagne,Dieter Schnabel,1.7
Europe,Allemagne,Torsten Toeller,1.7
Europe,Allemagne,Robert Toennies,1.7
Europe,Allemagne,Hans-Werner Hector,1.7
Europe,Allemagne,Josef Boquoi,1.5
Europe,Allemagne,Fritz Draexlmaier,1.5
Europe,Allemagne,Rolf Gerling,1.5
Europe,Allemagne,Schulenberg Klaus-Peter,1.5
Europe,Allemagne,Thomas Bruch,1.4
Europe,Allemagne,Bergit Douglas,1.3
Europe,Allemagne,Alfred Oetker,1.3
Europe,Allemagne,August Oetker,1.3
Europe,Allemagne,Carl Ferdinand Oetker,1.3
Europe,Allemagne,Christian Oetker,1.3
Europe,Allemagne,Julia Oetker,1.3
Europe,Allemagne,Richard Oetker,1.3
Europe,Allemagne,Erika Pohl-Stroher,1.3
Europe,Allemagne,Rosely Schweizer,1.3
Europe,Allemagne,Horst Wortmann,1.3
Europe,Allemagne,Horst Julius Pudwill,1.3
Europe,Allemagne,Albert Berner,1.2
Europe,Allemagne,Horst Brandstaetter,1.1
Europe,Allemagne,Bruno Steinhoff,1.1
Europe,Allemagne,Andreas Pohl,1
Europe,Allemagne,"Reinfried Pohl, Jr.",1
Europe,Allemagne,Monika Schoeller,1
Europe,Allemagne,Stefan von Holtzbrinck,1
Afrique,Angola,Isabel dos Santos,3.3
Asie,Arabie saoudite,Prince Alwaleed Bin Talal Alsaud,22.6
Asie,Arabie saoudite,Mohammed Al Amoudi,10.8
Asie,Arabie saoudite,Prince Sultan bin Mohammed bin Saud Al Kabeer,4.1
Asie,Arabie saoudite,Mohammed Al Issa,3.5
Asie,Arabie saoudite,Saleh Kamel,2.8
Asie,Arabie saoudite,Sulaiman Al Rajhi,2.1
Asie,Arabie saoudite,Abdullah Al Rajhi,1.8
Asie,Arabie saoudite,Abdul Majeed Alhokair,1.4
Asie,Arabie saoudite,Fawaz Alhokair,1.4
Asie,Arabie saoudite,Salman Alhokair,1.4
Amérique,Argentine,Carlos and Alejandro Bulgheroni,5.3
Amérique,Argentine,Eduardo Eurnekian,1.9
Amérique,Argentine,Gregorio Perez Companc,1.6
Amérique,Argentine,Maria Ines de Lafuente Lacroze,1.3
Amérique,Argentine,Alberto Roemmers,1.1
Océanie,Australie,Gina Rinehart,12.3
Océanie,Australie,Harry Triguboff,5.4
Océanie,Australie,James Packer,5.2
Océanie,Australie,Frank Lowy,4.9
Océanie,Australie,John Gandel,3.6
Océanie,Australie,Anthony Pratt,3.6
Océanie,Australie,Kerr Neilson,3.2
Océanie,Australie,Lindsay Fox,2.8
Océanie,Australie,Vivek Chaand Sehgal,2.8
Océanie,Australie,Andrew Forrest,2.2
Océanie,Australie,Fiona Geminder,2
Océanie,Australie,David Hains,2
Océanie,Australie,Michael Hintze,1.9
Océanie,Australie,Heloise Waislitz,1.9
Océanie,Australie,Stanley Perron,1.5
Océanie,Australie,Gerry Harvey,1.3
Océanie,Australie,Len Ainsworth,1.2
Océanie,Australie,Maurice Alter,1.2
Océanie,Australie,Alan Rydge,1.2
Océanie,Australie,Jack Cowin,1.2
Océanie,Australie,Robert Ell,1.2
Océanie,Australie,Kerry Stokes,1.2
Océanie,Australie,Mike Cannon-Brookes,1.1
Océanie,Australie,Scott Farquhar,1.1
Océanie,Australie,Lang Walker,1.1
Océanie,Australie,Huang Bingwen,1
Océanie,Australie,Solomon Lew,1
Europe,Autriche,Dietrich Mateschitz,10.8
Europe,Autriche,Johann Graf,6.6
Europe,Autriche,Karl Wlaschek,4.2
Europe,Autriche,Heidi Horten,2.7
Europe,Autriche,Helmut Sohmen,2.1
Europe,Autriche,Wolfgang Leitner,1.6
Europe,Autriche,Reinold Geiger,1.6
Europe,Belgique,Albert Frere,4.9
Europe,Belgique,Patokh Chodiev,2
Europe,Belgique,Coucke Marc,1.3
Amérique,Brésil,Jorge Paulo Lemann,25
Amérique,Brésil,Joseph Safra,17.3
Amérique,Brésil,Marcel Herrmann Telles,13
Amérique,Brésil,Carlos Alberto Sicupira,11.3
Amérique,Brésil,Joao Roberto Marinho,8.2
Amérique,Brésil,Jose Roberto Marinho,8.2
Amérique,Brésil,Roberto Irineu Marinho,8.2
Amérique,Brésil,Eduardo Saverin,4.8
Amérique,Brésil,Abilio dos Santos Diniz,4.4
Amérique,Brésil,Francisco Ivens de Sa Dias Branco,3.7
Amérique,Brésil,Walter Faria,3.4
Amérique,Brésil,Aloysio de Andrade Faria,3
Amérique,Brésil,Andre Esteves,2.9
Amérique,Brésil,Jose Luis Cutrale,2.5
Amérique,Brésil,Alexandre Grendene Bartelle,2.5
Amérique,Brésil,Ermirio Pereira de Moraes,2.5
Amérique,Brésil,Maria Helena Moraes Scripilliti,2.5
Amérique,Brésil,Carlos Sanchez,2.5
Amérique,Brésil,Edson de Godoy Bueno,2.4
Amérique,Brésil,Miguel Krigsner,2.3
Amérique,Brésil,Fernando Roberto Moreira Salles,2.1
Amérique,Brésil,Joao Moreira Salles,2.1
Amérique,Brésil,Walther Moreira Salles Junior,2.1
Amérique,Brésil,Pedro Moreira Salles,2.1
Amérique,Brésil,Rossana Camargo de Arruda Botelho,2
Amérique,Brésil,Renata de Camargo Nascimento,2
Amérique,Brésil,Regina de Camargo Pires Oliveira Dias,2
Amérique,Brésil,Jorge Moll Filho,1.8
Amérique,Brésil,Dulce Pugliese de Godoy Bueno,1.7
Amérique,Brésil,Ana Lucia de Mattos Barretto Villela,1.7
Amérique,Brésil,Alfredo Egydio Arruda Villela Filho,1.7
Amérique,Brésil,Lirio Parisotto,1.7
Amérique,Brésil,Julio Bozano,1.6
Amérique,Brésil,Lina Maria Aguiar,1.5
Amérique,Brésil,Sergio Lins Andrade,1.5
Amérique,Brésil,Jayme Garfinkel,1.5
Amérique,Brésil,Ana Maria Marcondes Penido Sant'Anna,1.4
Amérique,Brésil,Rubens Ometto Silveira Mello,1.4
Amérique,Brésil,Nevaldo Rocha,1.4
Amérique,Brésil,Antonio Luiz Seabra,1.4
Amérique,Brésil,Michael Klein,1.3
Amérique,Brésil,Jose Isaac Peres & wife,1.3
Amérique,Brésil,Lia Maria Aguiar,1.2
Amérique,Brésil,Joao Alves de Queiroz Filho,1.2
Amérique,Brésil,Itamar Locks,1.2
Amérique,Brésil,Blairo Maggi,1.2
Amérique,Brésil,Lucia Maggi,1.2
Amérique,Brésil,Maurizio Billi,1.1
Amérique,Brésil,Edir Macedo,1.1
Amérique,Brésil,Marli Pissollo,1.1
Amérique,Brésil,Maria de Lourdes Egydio Villela,1
Amérique,Brésil,Daisy Igel,1
Amérique,Brésil,Liu Ming Chung,1
Amérique,Brésil,Hugo Ribeiro,1
Amérique,Canada,David Thomson,25.5
Amérique,Canada,Galen Weston,9.6
Amérique,Canada,Jim Pattison,7.5
Amérique,Canada,James Irving,6.5
Amérique,Canada,Joseph Tsai,5.9
Amérique,Canada,Loretta Robinson,5.8
Amérique,Canada,Arthur Irving,5.5
Amérique,Canada,Garrett Camp,5.3
Amérique,Canada,Emanuele (Lino) Saputo,4.8
Amérique,Canada,Mark Scheinberg,4.1
Amérique,Canada,Bernard (Barry) Sherman,3.9
Amérique,Canada,Daryl Katz,3.3
Amérique,Canada,David Cheriton,2.9
Amérique,Canada,Alain Bouchard,2.5
Amérique,Canada,Robert Miller,2.5
Amérique,Canada,Jean Coutu,2.4
Amérique,Canada,Lawrence Stroll,2.4
Amérique,Canada,Charles Bronfman,2.3
Amérique,Canada,Mitchell Goldhar,2.2
Amérique,Canada,Chip Wilson,2.2
Amérique,Canada,Carlo Fidani,1.9
Amérique,Canada,Guy Laliberte,1.9
Amérique,Canada,Clayton Riddell,1.9
Amérique,Canada,N. Murray Edwards,1.8
Amérique,Canada,Brandt Louie,1.8
Amérique,Canada,Aldo Bensadoun,1.7
Amérique,Canada,Gerald Schwartz,1.7
Amérique,Canada,Stephen Jarislowsky,1.6
Amérique,Canada,Ronald Southern,1.6
Amérique,Canada,Peter Gilgan,1.5
Amérique,Canada,Frank Stronach,1.4
Amérique,Canada,Jacques D'Amours,1.3
Amérique,Canada,Serge Godin,1.2
Amérique,Canada,Ronald Joyce,1.2
Amérique,Canada,Hal Jackman,1.1
Amérique,Canada,K. Rai Sahi,1.1
Amérique,Canada,Frank Hasenfratz,1
Amérique,Canada,J. Michael Pearson,1
Amérique,Canada,V. Prem Watsa,1
Amérique,Chili,Iris Fontbona,13.5
Amérique,Chili,Horst Paulmann,4.4
Amérique,Chili,Bernardo Matte,2.8
Amérique,Chili,Eliodoro Matte,2.8
Amérique,Chili,Patricia Matte,2.8
Amérique,Chili,Sebastian Pinera,2.5
Amérique,Chili,Alvaro Saieh Bendeck,2.5
Amérique,Chili,Maria Luisa Solari Falabella,2.4
Amérique,Chili,Julio Ponce,2.1
Amérique,Chili,Roberto Angelini Rossi,1.6
Amérique,Chili,Patricia Angelini Rossi,1.3
Amérique,Chili,Luis Enrique Yarur Rey,1.2
Asie,Chine,Wang Jianlin,24.2
Asie,Chine,Jack Ma,22.7
Asie,Chine,Li Hejun,21.1
Asie,Chine,Ma Huateng,16.1
Asie,Chine,Robin Li,15.3
Asie,Chine,Lei Jun,13.2
Asie,Chine,Zong Qinghou,10.3
Asie,Chine,He Xiangjian,9.9
Asie,Chine,Wang Wenyin,9.9
Asie,Chine,Wei Jianjun,8.9
Asie,Chine,Liu Qiangdong,7.4
Asie,Chine,Wang Jing,6.9
Asie,Chine,William Ding,6.6
Asie,Chine,Liu Yongxing,6.6
Asie,Chine,Hui Ka Yan,6.2
Asie,Chine,Chan Laiwa,6.1
Asie,Chine,Lu Zhiqiang,5.9
Asie,Chine,Zhang Zhidong,5.8
Asie,Chine,Guo Guangchang,5.7
Asie,Chine,Lu Guanqiu,5.1
Asie,Chine,Yang Huiyan,5
Asie,Chine,Liang Wengen,4.9
Asie,Chine,Zhou Jianping,4.8
Asie,Chine,Liu Yonghao,4.7
Asie,Chine,Tong Jinquan,4.7
Asie,Chine,Wang Wei,4.2
Asie,Chine,Zhang Jindong,4.2
Asie,Chine,Zhang Shiping,4.1
Asie,Chine,Sun Guangxin,4
Asie,Chine,Shi Yuzhu,3.9
Asie,Chine,Wang Chuanfu,3.9
Asie,Chine,Huang Wei,3.7
Asie,Chine,Qiu Guanghe,3.6
Asie,Chine,Pan Zhengmin,3.5
Asie,Chine,Zhang Changhong,3.5
Asie,Chine,Wu Yajun,3.4
Asie,Chine,Zhang Xin,3.4
Asie,Chine,Jiang Bin,3.3
Asie,Chine,Li Zhongchu,3.3
Asie,Chine,Pang Kang,3.3
Asie,Chine,Jia Yueting,3.2
Asie,Chine,Wang Wenxue,3.2
Asie,Chine,Zhu Xingliang,3.2
Asie,Chine,Huang Rulun,3.1
Asie,Chine,Yu Yong,3.1
Asie,Chine,Wang Wenjing,2.9
Asie,Chine,Xue Xiangdong,2.9
Asie,Chine,Chen Fashu,2.8
Asie,Chine,Hui Lin Chit,2.8
Asie,Chine,Ma Jianrong,2.8
Asie,Chine,Qi Shi,2.8
Asie,Chine,Sze Man Bok,2.8
Asie,Chine,Liu Zhongtian,2.7
Asie,Chine,Wang Yusuo,2.7
Asie,Chine,Lu Xiangyang,2.5
Asie,Chine,Li Shufu,2.4
Asie,Chine,Chen Jinxia,2.3
Asie,Chine,Huo Qinghua,2.3
Asie,Chine,Ke Xiping,2.3
Asie,Chine,Song Zuowen,2.3
Asie,Chine,Wang Changtian,2.3
Asie,Chine,Fu Liquan,2.2
Asie,Chine,Cai Kui,2.1
Asie,Chine,Feng Hailiang,2.1
Asie,Chine,Li Liufa,2.1
Asie,Chine,Liang Xinjun,2.1
Asie,Chine,Shen Guojun,2.1
Asie,Chine,Sun Piaoyang,2.1
Asie,Chine,Xiao Wenge,2.1
Asie,Chine,Chanchai Ruayrungruang,2
Asie,Chine,Shao Genhuo,2
Asie,Chine,Tse Ping,2
Asie,Chine,Lam Kong,2
Asie,Chine,Liang Yunchao,2
Asie,Chine,Liu Baolin,2
Asie,Chine,Sun Xishuang,2
Asie,Chine,Che Fengsheng,1.9
Asie,Chine,Ruan Shuilong,1.9
Asie,Chine,Wu Guangming,1.9
Asie,Chine,Fang Wei,1.8
Asie,Chine,Li Shuirong,1.8
Asie,Chine,Lin Xiucheng,1.8
Asie,Chine,Shen Ya,1.8
Asie,Chine,Wang Qingtao,1.8
Asie,Chine,Zhang Li,1.8
Asie,Chine,Cai Dongqing,1.8
Asie,Chine,Cao Longxiang,1.8
Asie,Chine,Chen Bang,1.7
Asie,Chine,Huang Hongyun,1.7
Asie,Chine,Jiang Rensheng,1.7
Asie,Chine,Jiang Wei,1.7
Asie,Chine,Jiang Zhaobai,1.7
Asie,Chine,Lin Li,1.7
Asie,Chine,Huang Zhenda,1.7
Asie,Chine,Shen Wenrong,1.7
Asie,Chine,Zhou Chengjian,1.7
Asie,Chine,Zhou Yahui,1.7
Asie,Chine,Fu Meicheng,1.6
Asie,Chine,Tian Ming,1.6
Asie,Chine,Simon Xie,1.6
Asie,Chine,Zan Shengda,1.6
Asie,Chine,Zhang Hongwei,1.6
Asie,Chine,Du Jiangtao,1.6
Asie,Chine,Huang Li,1.6
Asie,Chine,Huang Qisen,1.6
Asie,Chine,Lin Jianhua,1.6
Asie,Chine,Liu Xuejing,1.6
Asie,Chine,Wu Yiling,1.6
Asie,Chine,Geng Jianming,1.5
Asie,Chine,Li Li,1.5
Asie,Chine,Nan Cunhui,1.5
Asie,Chine,Sun Shoukuan,1.5
Asie,Chine,Wang Junmin,1.5
Asie,Chine,Zhu Gongshan,1.5
Asie,Chine,Cao Kejian,1.5
Asie,Chine,Qiu Jianping,1.5
Asie,Chine,Wei Shaojun,1.5
Asie,Chine,Wong Kwong Yu,1.5
Asie,Chine,Chen Jianhua,1.4
Asie,Chine,Lei Jufang,1.4
Asie,Chine,Liu Changqing,1.4
Asie,Chine,Wang Xing,1.4
Asie,Chine,Wen Yibo,1.4
Asie,Chine,Xiu Laigui,1.4
Asie,Chine,Yang Kai,1.4
Asie,Chine,Yang Zhimao,1.4
Asie,Chine,Ye Cheng,1.4
Asie,Chine,Zhang Guiping,1.4
Asie,Chine,Ding Shizhong,1.4
Asie,Chine,Kei Hoi Pang,1.4
Asie,Chine,Li Yihai,1.4
Asie,Chine,Lin Bin,1.4
Asie,Chine,Ma Xingtian,1.4
Asie,Chine,Shao Zhongyi,1.4
Asie,Chine,Sun Shangchuan & wife,1.4
Asie,Chine,Sun Weijie,1.4
Asie,Chine,Wei Qi,1.4
Asie,Chine,Wen Jianping,1.4
Asie,Chine,Xu Jingren,1.4
Asie,Chine,Zhu Yicai,1.4
Asie,Chine,Ding Shijia,1.3
Asie,Chine,Gu Wei,1.3
Asie,Chine,Hu Kaijun,1.3
Asie,Chine,Huang Wen Tsai,1.3
Asie,Chine,Liang Guangwei,1.3
Asie,Chine,Miao Shouliang,1.3
Asie,Chine,Ni Zhaoxing,1.3
Asie,Chine,Que Wenbin,1.3
Asie,Chine,Shuai Fangwen,1.3
Asie,Chine,Wang Laichun,1.3
Asie,Chine,Wang Laisheng,1.3
Asie,Chine,Wong Luen Hei,1.3
Asie,Chine,Zhou Guohui,1.3
Asie,Chine,Zhou Hongyi,1.3
Asie,Chine,Zhu Chongyun,1.3
Asie,Chine,Gao Dekang,1.3
Asie,Chine,Hong Xiaobo,1.3
Asie,Chine,Wan Lianbu,1.3
Asie,Chine,Wang Xicheng,1.3
Asie,Chine,Xiao Fen,1.3
Asie,Chine,Yang Yuanqing,1.3
Asie,Chine,Yi Zheng,1.3
Asie,Chine,An Kang,1.2
Asie,Chine,Chen Tianqiao,1.2
Asie,Chine,Jiang Ning,1.2
Asie,Chine,Li Tan,1.2
Asie,Chine,Liu Yiqian,1.2
Asie,Chine,Ma Hong,1.2
Asie,Chine,Qin Yinglin,1.2
Asie,Chine,Sun Deliang,1.2
Asie,Chine,Wang Jinshu,1.2
Asie,Chine,Wang Wei,1.2
Asie,Chine,Wang Zhenghua,1.2
Asie,Chine,Zheng Yuewen,1.2
Asie,Chine,Huang Chulong,1.2
Asie,Chine,Li Yongjun,1.2
Asie,Chine,Liu Dianbo,1.2
Asie,Chine,Liu Shaoxi,1.2
Asie,Chine,Yan Zhi,1.2
Asie,Chine,Zhou Mingjie,1.2
Asie,Chine,Zhu Jiman,1.2
Asie,Chine,Chu Mang Yee,1.1
Asie,Chine,Fan Zhaoxia,1.1
Asie,Chine,Don Gao,1.1
Asie,Chine,Guo Wengui,1.1
Asie,Chine,Liang Zhaoxian,1.1
Asie,Chine,Liu Ming Hui,1.1
Asie,Chine,Lou Zhongfu,1.1
Asie,Chine,Ou Zonghong,1.1
Asie,Chine,Sun Qinghuan,1.1
Asie,Chine,Tu Jianhua,1.1
Asie,Chine,Wang Yongping,1.1
Asie,Chine,Yang Keng,1.1
Asie,Chine,Cheng Xue,1.1
Asie,Chine,Chu Jinfu,1.1
Asie,Chine,Dai Deming,1.1
Asie,Chine,Liu Zhenguo,1.1
Asie,Chine,Wang Qinghui,1.1
Asie,Chine,Wang Zhongjun,1.1
Asie,Chine,Xia Shudong,1.1
Asie,Chine,Yu Awu,1.1
Asie,Chine,Zhou Yaoting,1.1
Asie,Chine,Cheung Yan,1
Asie,Chine,Li Fuchao,1
Asie,Chine,Lu Yonghua,1
Asie,Chine,Lv Dalong,1
Asie,Chine,Ren Zhengfei,1
Asie,Chine,Wang Haipeng,1
Asie,Chine,Wang Jianfeng,1
Asie,Chine,Wang Wenliang,1
Asie,Chine,Wang Yong,1
Asie,Chine,You Xiaoping,1
Asie,Chine,Yuan Yafei,1
Europe,Chypre,John Fredriksen,10.5
Europe,Chypre,Stelios Haji-Ioannou,1.7
Europe,Chypre,Polys Haji-Ioannou,1.3
Europe,Chypre,Clelia Haji-Ioannou,1.2
Europe,Chypre,Suat Gunsel,1.1
Amérique,Colombie,Luis Carlos Sarmiento,13.4
Amérique,Colombie,Jaime Gilinski Bacal,3.1
Amérique,Colombie,Carlos Ardila Lulle,2
Asie,Corée du Sud,Lee Kun-Hee,11.3
Asie,Corée du Sud,Jay Y. Lee,7.2
Asie,Corée du Sud,Suh Kyung-Bae,7.2
Asie,Corée du Sud,Chung Mong-Koo,5.7
Asie,Corée du Sud,Chung Eui-Sun,3.8
Asie,Corée du Sud,Chey Tae-Won,3.5
Asie,Corée du Sud,Kim Bum-Soo,2.9
Asie,Corée du Sud,Shin Chang-Jae,2.9
Asie,Corée du Sud,Lee Boo-Jin,2.2
Asie,Corée du Sud,Lee Jay-Hyun,2.2
Asie,Corée du Sud,Lee Seo-Hyun,2.1
Asie,Corée du Sud,Kwon Hyuk-Bin,2
Asie,Corée du Sud,Lee Joong-Keun,2
Asie,Corée du Sud,Kim Jung-Ju,1.8
Asie,Corée du Sud,Koo Bon-Moo,1.7
Asie,Corée du Sud,Lee Hwa-Kyung,1.6
Asie,Corée du Sud,Shin Dong-Bin,1.6
Asie,Corée du Sud,Hong Ra-Hee,1.4
Asie,Corée du Sud,Lee Myung-Hee,1.4
Asie,Corée du Sud,Shin Dong-Joo,1.4
Asie,Corée du Sud,Koo Bon-Neung,1.3
Asie,Corée du Sud,Park Hyeon-Joo,1.3
Asie,Corée du Sud,Chang Pyung-Soon,1.2
Asie,Corée du Sud,Seo Jung-Jin,1.2
Asie,Corée du Sud,Cho Yang-Rai,1.2
Asie,Corée du Sud,Chung Mong-Joon,1.2
Asie,Corée du Sud,Chung Yong-Jin,1.2
Asie,Corée du Sud,Kim Taek-Jin,1.2
Asie,Corée du Sud,Chey Ki-Won,1.1
Asie,Corée du Sud,Lee Ho-Jin,1.1
Europe,Danemark,Kjeld Kirk Kristiansen,9.7
Europe,Danemark,Anders Holch Povlsen,5.5
Europe,Danemark,Lars Larsen,3.9
Europe,Danemark,Niels Peter Louis-Hansen,3.9
Europe,Danemark,Hanni Toosbuy Kasprzak,2.7
Afrique,Égypte,Nassef Sawiris,6.3
Afrique,Égypte,Mohamed Mansour,4
Afrique,Égypte,Naguib Sawiris,3.1
Afrique,Égypte,Youssef Mansour,2.9
Afrique,Égypte,Yasseen Mansour,2.3
Afrique,Égypte,Mohamed Al Fayed,2
Afrique,Égypte,Onsi Sawiris,1.8
Afrique,Égypte,Samih Sawiris,1.1
Asie,Émirats arabes unis,Abdulla bin Ahmad Al Ghurair,6.4
Asie,Émirats arabes unis,Majid Al Futtaim,6.2
Asie,Émirats arabes unis,Saif Al Ghurair,3.4
Asie,Émirats arabes unis,Abdulla Al Futtaim,3.2
Europe,Espagne,Amancio Ortega,64.5
Europe,Espagne,Sandra Ortega Mera,6.3
Europe,Espagne,Juan-Miguel Villar Mir,5.7
Europe,Espagne,Juan Roig,5.4
Europe,Espagne,Isak Andic,4.8
Europe,Espagne,Hortensia Herrero,2.8
Europe,Espagne,Alicia Koplowitz,2.3
Europe,Espagne,Rafael Del Pino y Calvo-Sotelo,2.2
Europe,Espagne,Manuel Lao Hernandez,2.2
Europe,Espagne,Helena Revoredo,2.2
Europe,Espagne,Daniel Mate,2.1
Europe,Espagne,Manuel Jove,2
Europe,Espagne,Florentino Perez,2
Europe,Espagne,Juan Abello,1.9
Europe,Espagne,Jaime Botin,1.7
Europe,Espagne,Gabriel Escarrer,1.6
Europe,Espagne,Maria Del Pino y Calvo-Sotelo,1.5
Europe,Espagne,Alberto Cortina,1.4
Europe,Espagne,Alberto Alcocer,1.3
Europe,Espagne,Jose Llado Fernandez-Urrutia,1.2
Europe,Espagne,Fernando Roig,1.2
Amérique,États-Unis,Bill Gates,79.2
Amérique,États-Unis,Warren Buffett,72.7
Amérique,États-Unis,Larry Ellison,54.3
Amérique,États-Unis,Charles Koch,42.9
Amérique,États-Unis,David Koch,42.9
Amérique,États-Unis,Christy Walton,41.7
Amérique,États-Unis,Jim Walton,40.6
Amérique,États-Unis,Alice Walton,39.4
Amérique,États-Unis,S. Robson Walton,39.1
Amérique,États-Unis,Michael Bloomberg,35.5
Amérique,États-Unis,Jeff Bezos,34.8
Amérique,États-Unis,Mark Zuckerberg,33.4
Amérique,États-Unis,Sheldon Adelson,31.4
Amérique,États-Unis,Larry Page,29.7
Amérique,États-Unis,Sergey Brin,29.2
Amérique,États-Unis,"Forrest Mars, Jr.",26.6
Amérique,États-Unis,Jacqueline Mars,26.6
Amérique,États-Unis,John Mars,26.6
Amérique,États-Unis,George Soros,24.2
Amérique,États-Unis,Carl Icahn,23.5
Amérique,États-Unis,Steve Ballmer,21.5
Amérique,États-Unis,Phil Knight,21.5
Amérique,États-Unis,Len Blavatnik,20.2
Amérique,États-Unis,Charles Ergen,20.1
Amérique,États-Unis,Laurene Powell Jobs,19.5
Amérique,États-Unis,Michael Dell,19.2
Amérique,États-Unis,Paul Allen,17.5
Amérique,États-Unis,Anne Cox Chambers,17
Amérique,États-Unis,Ray Dalio,15.4
Amérique,États-Unis,Donald Bren,15.2
Amérique,États-Unis,Ronald Perelman,14.5
Amérique,États-Unis,James Simons,14
Amérique,États-Unis,Rupert Murdoch,13.9
Amérique,États-Unis,Abigail Johnson,13.4
Amérique,États-Unis,Jack Taylor,12.5
Amérique,États-Unis,Charles Butt,12.3
Amérique,États-Unis,Harold Hamm,12.2
Amérique,États-Unis,Patrick Soon-Shiong,12.2
Amérique,États-Unis,Richard Kinder,12
Amérique,États-Unis,Elon Musk,12
Amérique,États-Unis,Stephen Schwarzman,12
Amérique,États-Unis,Philip Anschutz,11.8
Amérique,États-Unis,Andrew Beal,11.7
Amérique,États-Unis,Steve Cohen,11.4
Amérique,États-Unis,John Paulson,11.2
Amérique,États-Unis,Thomas Peterffy,10.9
Amérique,États-Unis,Hank & Doug Meijer,10.7
Amérique,États-Unis,David Tepper,10.4
Amérique,États-Unis,Leonard Lauder,9.1
Amérique,États-Unis,Eric Schmidt,9.1
Amérique,États-Unis,George Kaiser,9
Amérique,États-Unis,"John Menard, Jr.",9
Amérique,États-Unis,"Samuel Newhouse, Jr.",9
Amérique,États-Unis,Jim Kennedy,8.5
Amérique,États-Unis,Blair Parry-Okeden,8.5
Amérique,États-Unis,John Malone,8.3
Amérique,États-Unis,Donald Newhouse,8.3
Amérique,États-Unis,Pierre Omidyar,8
Amérique,États-Unis,Dustin Moskovitz,7.9
Amérique,États-Unis,Leslie Wexner,7.7
Amérique,États-Unis,"Thomas Frist, Jr.",7.6
Amérique,États-Unis,James Goodnight,7.5
Amérique,États-Unis,David Duffield,7.4
Amérique,États-Unis,"Edward Johnson, III.",7.4
Amérique,États-Unis,Eli Broad,7.2
Amérique,États-Unis,Micky Arison,7.1
Amérique,États-Unis,Ralph Lauren,7
Amérique,États-Unis,David Geffen,6.9
Amérique,États-Unis,Gordon Moore,6.9
Amérique,États-Unis,Charles Johnson,6.6
Amérique,États-Unis,Jan Koum,6.6
Amérique,États-Unis,Carl Cook,6.5
Amérique,États-Unis,Ken Griffin,6.5
Amérique,États-Unis,Stephen Ross,6.5
Amérique,États-Unis,Richard LeFrak,6.4
Amérique,États-Unis,Charles Schwab,6.4
Amérique,États-Unis,Stanley Kroenke,6.3
Amérique,États-Unis,Sumner Redstone,6.3
Amérique,États-Unis,Dannine Avara,6.2
Amérique,États-Unis,Scott Duncan,6.2
Amérique,États-Unis,Milane Frantz,6.2
Amérique,États-Unis,"Rupert Johnson, Jr.",6.2
Amérique,États-Unis,Kelcy Warren,6.2
Amérique,États-Unis,Ira Rennert,6.1
Amérique,États-Unis,Randa Williams,6.1
Amérique,États-Unis,David Green,6
Amérique,États-Unis,Jin Sook & Do Won Chang,5.9
Amérique,États-Unis,Bruce Halle,5.9
Amérique,États-Unis,Dennis Washington,5.9
Amérique,États-Unis,Pauline MacMillan Keinath,5.8
Amérique,États-Unis,Richard DeVos,5.7
Amérique,États-Unis,Ray Lee Hunt,5.6
Amérique,États-Unis,Ann Walton Kroenke,5.6
Amérique,États-Unis,"Herbert Kohler, Jr.",5.5
Amérique,États-Unis,Robert Rowling,5.4
Amérique,États-Unis,Leon Black,5.3
Amérique,États-Unis,Travis Kalanick,5.3
Amérique,États-Unis,Leonard Stern,5.3
Amérique,États-Unis,Henry Kravis,5.2
Amérique,États-Unis,George Roberts,5.2
Amérique,États-Unis,Bruce Kovner,5
Amérique,États-Unis,George Lucas,5
Amérique,États-Unis,David Sun,5
Amérique,États-Unis,John Tu,5
Amérique,États-Unis,Jeffery Hildebrand,4.9
Amérique,États-Unis,Sam Zell,4.9
Amérique,États-Unis,Daniel Ziff,4.9
Amérique,États-Unis,Dirk Ziff,4.9
Amérique,États-Unis,Robert Ziff,4.9
Amérique,États-Unis,Michael & Marian Ilitch,4.8
Amérique,États-Unis,Ted Lerner,4.8
Amérique,États-Unis,Phillip Frost,4.7
Amérique,États-Unis,Daniel Gilbert,4.7
Amérique,États-Unis,Reid Hoffman,4.7
Amérique,États-Unis,Nancy Walton Laurie,4.7
Amérique,États-Unis,Whitney MacMillan,4.7
Amérique,États-Unis,John A. Sobrato,4.7
Amérique,États-Unis,"Paul Tudor Jones, II.",4.6
Amérique,États-Unis,Randal Kirk,4.6
Amérique,États-Unis,Mark Shoen,4.6
Amérique,États-Unis,Elizabeth Holmes,4.5
Amérique,États-Unis,Shahid Khan,4.5
Amérique,États-Unis,Alejandro Santo Domingo,4.4
Amérique,États-Unis,Andres Santo Domingo,4.4
Amérique,États-Unis,Charles Dolan,4.3
Amérique,États-Unis,Tamara Gustavson,4.3
Amérique,États-Unis,Robert Kraft,4.3
Amérique,États-Unis,Karen Pritzker,4.3
Amérique,États-Unis,Trevor Rees-Jones,4.3
Amérique,États-Unis,Jerry Jones,4.2
Amérique,États-Unis,Kirk Kerkorian,4.2
Amérique,États-Unis,Stewart and Lynda Resnick,4.2
Amérique,États-Unis,Martha Ingram,4.1
Amérique,États-Unis,John Morris,4.1
Amérique,États-Unis,David Shaw,4.1
Amérique,États-Unis,Donald Trump,4.1
Amérique,États-Unis,Tom & Judy Love,4
Amérique,États-Unis,Mitchell Rales,4
Amérique,États-Unis,J. Christopher Reyes,4
Amérique,États-Unis,Jude Reyes,4
Amérique,États-Unis,"Edward Roski, Jr.",4
Amérique,États-Unis,Reinhold Schmieding,4
Amérique,États-Unis,Jerry Speyer,4
Amérique,États-Unis,Riley Bechtel,3.9
Amérique,États-Unis,"Stephen Bechtel, Jr.",3.9
Amérique,États-Unis,Ronald Lauder,3.9
Amérique,États-Unis,George Lindemann,3.9
Amérique,États-Unis,Jeffrey Skoll,3.9
Amérique,États-Unis,Frederick Smith,3.9
Amérique,États-Unis,Israel Englander,3.8
Amérique,États-Unis,Bernard Marcus,3.8
Amérique,États-Unis,Daniel Och,3.8
Amérique,États-Unis,Terrence Pegula,3.8
Amérique,États-Unis,Isaac Perlmutter,3.8
Amérique,États-Unis,Leon G. Cooperman,3.7
Amérique,États-Unis,James Jannard,3.7
Amérique,États-Unis,Gwendolyn Sontheim Meyer,3.7
Amérique,États-Unis,"H. Ross Perot, Sr.",3.7
Amérique,États-Unis,Steven Rales,3.7
Amérique,États-Unis,John Sall,3.7
Amérique,États-Unis,Lynn Schusterman,3.7
Amérique,États-Unis,Ronda Stryker,3.7
Amérique,États-Unis,Steven Udvar-Hazy,3.7
Amérique,États-Unis,Jim Davis,3.6
Amérique,États-Unis,Archie Aldis Emmerson,3.6
Amérique,États-Unis,Diane Hendricks,3.6
Amérique,États-Unis,"Jeremy Jacobs, Sr.",3.6
Amérique,États-Unis,Igor Olenicoff,3.6
Amérique,États-Unis,"Walter Scott, Jr.",3.6
Amérique,États-Unis,Sheldon Solow,3.6
Amérique,États-Unis,Steven Spielberg,3.6
Amérique,États-Unis,"Edward DeBartolo, Jr.",3.5
Amérique,États-Unis,Haim Saban,3.5
Amérique,États-Unis,Brian Acton,3.4
Amérique,États-Unis,Marc Benioff,3.4
Amérique,États-Unis,John Doerr,3.4
Amérique,États-Unis,David Filo,3.4
Amérique,États-Unis,Clayton Mathile,3.4
Amérique,États-Unis,Anthony Pritzker,3.4
Amérique,États-Unis,Jay Robert (J.B.) Pritzker,3.4
Amérique,États-Unis,"Julian Robertson, Jr.",3.4
Amérique,États-Unis,Steve Wynn,3.4
Amérique,États-Unis,"Austen Cargill, II.",3.3
Amérique,États-Unis,"James Cargill, II.",3.3
Amérique,États-Unis,Dan Friedkin,3.3
Amérique,États-Unis,Peter Kellogg,3.3
Amérique,États-Unis,Marianne Liebmann,3.3
Amérique,États-Unis,Leandro Rizzuto,3.3
Amérique,États-Unis,Harry Stine,3.3
Amérique,États-Unis,Bubba Cathy,3.2
Amérique,États-Unis,Dan Cathy,3.2
Amérique,États-Unis,Dagmar Dolby,3.2
Amérique,États-Unis,Doris Fisher,3.2
Amérique,États-Unis,Tom Gores,3.2
Amérique,États-Unis,Mary Alice Dorrance Malone,3.2
Amérique,États-Unis,Thomas Pritzker,3.2
Amérique,États-Unis,"Robert Rich, Jr.",3.2
Amérique,États-Unis,Jeff Sutton,3.2
Amérique,États-Unis,Joan Tisch,3.2
Amérique,États-Unis,Roger Wang,3.2
Amérique,États-Unis,John Catsimatidis,3.1
Amérique,États-Unis,Ray Davis,3.1
Amérique,États-Unis,Stanley Druckenmiller,3.1
Amérique,États-Unis,"Amos Hostetter, Jr.",3.1
Amérique,États-Unis,H. Fisk Johnson,3.1
Amérique,États-Unis,Imogene Powers Johnson,3.1
Amérique,États-Unis,S. Curtis Johnson,3.1
Amérique,États-Unis,Helen Johnson-Leipold,3.1
Amérique,États-Unis,Winnie Johnson-Marquart,3.1
Amérique,États-Unis,John Kapoor,3.1
Amérique,États-Unis,David Murdock,3.1
Amérique,États-Unis,Jorge Perez,3.1
Amérique,États-Unis,Kevin Plank,3.1
Amérique,États-Unis,Alfred Taubman,3.1
Amérique,États-Unis,Neil Bluhm,3
Amérique,États-Unis,Andrew & Peggy Cherng,3
Amérique,États-Unis,Mark Cuban,3
Amérique,États-Unis,Jeff Greene,3
Amérique,États-Unis,Min Kao,3
Amérique,États-Unis,William Koch,3
Amérique,États-Unis,James Leprino,3
Amérique,États-Unis,"David Rockefeller, Sr.",3
Amérique,États-Unis,"Wilbur Ross, Jr.",3
Amérique,États-Unis,Oprah Winfrey,3
Amérique,États-Unis,"William Conway, Jr.",2.9
Amérique,États-Unis,Daniel D'Aniello,2.9
Amérique,États-Unis,Jack Dangermond,2.9
Amérique,États-Unis,John Fisher,2.9
Amérique,États-Unis,Edward Lampert,2.9
Amérique,États-Unis,David Rubenstein,2.9
Amérique,États-Unis,Richard Schulze,2.9
Amérique,États-Unis,Herbert Simon,2.9
Amérique,États-Unis,Warren Stephens,2.9
Amérique,États-Unis,Donald Sterling,2.9
Amérique,États-Unis,Evan Williams,2.9
Amérique,États-Unis,John Paul DeJoria,2.8
Amérique,États-Unis,Judy Faulkner,2.8
Amérique,États-Unis,Ken Fisher,2.8
Amérique,États-Unis,Jimmy Haslam,2.8
Amérique,États-Unis,Richard Rainwater,2.8
Amérique,États-Unis,Robert Bass,2.7
Amérique,États-Unis,Stephen Bisciotti,2.7
Amérique,États-Unis,George Bishop,2.7
Amérique,États-Unis,Jack Dorsey,2.7
Amérique,États-Unis,Joshua Harris,2.7
Amérique,États-Unis,A. Jerrold Perenchio,2.7
Amérique,États-Unis,Michael Rubin,2.7
Amérique,États-Unis,John Arnold,2.6
Amérique,États-Unis,David Bonderman,2.6
Amérique,États-Unis,Ron Burkle,2.6
Amérique,États-Unis,Bharat Desai,2.6
Amérique,États-Unis,H. Wayne Huizenga,2.6
Amérique,États-Unis,Kenneth Langone,2.6
Amérique,États-Unis,Michael Moritz,2.6
Amérique,États-Unis,Patrick Ryan,2.6
Amérique,États-Unis,"Bernard Saul, II.",2.6
Amérique,États-Unis,"William Wrigley, Jr.",2.6
Amérique,États-Unis,Mortimer Zuckerman,2.6
Amérique,États-Unis,William Ackman,2.5
Amérique,États-Unis,Arthur Blank,2.5
Amérique,États-Unis,Karen Johnson Boyd,2.5
Amérique,États-Unis,Peter Buck,2.5
Amérique,États-Unis,Fred DeLuca,2.5
Amérique,États-Unis,Tilman Fertitta,2.5
Amérique,États-Unis,Henry Hillman,2.5
Amérique,États-Unis,B. Wayne Hughes,2.5
Amérique,États-Unis,Daniel Loeb,2.5
Amérique,États-Unis,Michael Milken,2.5
Amérique,États-Unis,Sean Parker,2.5
Amérique,États-Unis,Jean (Gigi) Pritzker,2.5
Amérique,États-Unis,Penny Pritzker,2.5
Amérique,États-Unis,Marc Rowan,2.5
Amérique,États-Unis,Howard Schultz,2.5
Amérique,États-Unis,Romesh T. Wadhwani,2.5
Amérique,États-Unis,Dean White,2.5
Amérique,États-Unis,James Dinan,2.4
Amérique,États-Unis,Tom Golisano,2.4
Amérique,États-Unis,Timothy Headington,2.4
Amérique,États-Unis,Robert McNair,2.4
Amérique,États-Unis,Henry Samueli,2.4
Amérique,États-Unis,Glen Taylor,2.4
Amérique,États-Unis,Ty Warner,2.4
Amérique,États-Unis,Nicholas Woodman,2.4
Amérique,États-Unis,John Arrillaga,2.3
Amérique,États-Unis,Barry Diller,2.3
Amérique,États-Unis,Bennett Dorrance,2.3
Amérique,États-Unis,Robert Duggan,2.3
Amérique,États-Unis,Bill Gross,2.3
Amérique,États-Unis,Don Hankey,2.3
Amérique,États-Unis,Johnelle Hunt,2.3
Amérique,États-Unis,"Stephen Mandel, Jr.",2.3
Amérique,États-Unis,Richard Peery,2.3
Amérique,États-Unis,Gary Rollins,2.3
Amérique,États-Unis,Randall Rollins,2.3
Amérique,États-Unis,Thomas Siebel,2.3
Amérique,États-Unis,"Clemmie Spangler, Jr.",2.3
Amérique,États-Unis,Tatiana Casiraghi,2.2
Amérique,États-Unis,James Coulter,2.2
Amérique,États-Unis,John Farber,2.2
Amérique,États-Unis,Victor Fung,2.2
Amérique,États-Unis,Hoang Kieu,2.2
Amérique,États-Unis,Michael Jaharis,2.2
Amérique,États-Unis,Douglas Leone,2.2
Amérique,États-Unis,Herbert Louis,2.2
Amérique,États-Unis,Josephine Louis,2.2
Amérique,États-Unis,Joe Mansueto,2.2
Amérique,États-Unis,"Drayton McLane, Jr.",2.2
Amérique,États-Unis,C. Dean Metropoulos,2.2
Amérique,États-Unis,Daniel Pritzker,2.2
Amérique,États-Unis,John Pritzker,2.2
Amérique,États-Unis,Larry Robbins,2.2
Amérique,États-Unis,"Julio Mario Santo Domingo, III.",2.2
Amérique,États-Unis,Fayez Sarofim,2.2
Amérique,États-Unis,Pat Stryker,2.2
Amérique,États-Unis,Peter Thiel,2.2
Amérique,États-Unis,Ted Turner,2.2
Amérique,États-Unis,Anita Zucker,2.2
Amérique,États-Unis,S. Daniel Abraham,2.1
Amérique,États-Unis,Ron Baron,2.1
Amérique,États-Unis,Jim Breyer,2.1
Amérique,États-Unis,John Brown,2.1
Amérique,États-Unis,"Chase Coleman, III.",2.1
Amérique,États-Unis,Gerald Ford,2.1
Amérique,États-Unis,James France,2.1
Amérique,États-Unis,Gordon Getty,2.1
Amérique,États-Unis,Alec Gores,2.1
Amérique,États-Unis,Noam Gottesman,2.1
Amérique,États-Unis,Susan Hirt Hagen,2.1
Amérique,États-Unis,Bruce Karsh,2.1
Amérique,États-Unis,Brad Kelley,2.1
Amérique,États-Unis,Rodney Lewis,2.1
Amérique,États-Unis,Howard Marks,2.1
Amérique,États-Unis,Jonathan Nelson,2.1
Amérique,États-Unis,Russ Weiner,2.1
Amérique,États-Unis,George Argyros,2
Amérique,États-Unis,Edward Bass,2
Amérique,États-Unis,Lee Bass,2
Amérique,États-Unis,Glenn Dubin,2
Amérique,États-Unis,Robert Fisher,2
Amérique,États-Unis,William Fisher,2
Amérique,États-Unis,Stanley Hubbard,2
Amérique,États-Unis,Thomas Lee,2
Amérique,États-Unis,Forrest Preston,2
Amérique,États-Unis,Phillip Ruffin,2
Amérique,États-Unis,Jon Stryker,2
Amérique,États-Unis,Ronald Wanek,2
Amérique,États-Unis,Meg Whitman,2
Amérique,États-Unis,Elaine Wynn,2
Amérique,États-Unis,Jerry Yang,2
Amérique,États-Unis,Stewart Rahr,2
Amérique,États-Unis,Tom Benson,1.9
Amérique,États-Unis,Nathan Blecharczyk,1.9
Amérique,États-Unis,Norman Braman,1.9
Amérique,États-Unis,Gary Burrell,1.9
Amérique,États-Unis,Brian Chesky,1.9
Amérique,États-Unis,Christopher Cline,1.9
Amérique,États-Unis,Scott Cook,1.9
Amérique,États-Unis,David Einhorn,1.9
Amérique,États-Unis,Joe Gebbia,1.9
Amérique,États-Unis,Jonathan Gray,1.9
Amérique,États-Unis,Joseph Grendys,1.9
Amérique,États-Unis,Bill Haslam,1.9
Amérique,États-Unis,Hamilton James,1.9
Amérique,États-Unis,Marc Lasry,1.9
Amérique,États-Unis,Manuel Moroun,1.9
Amérique,États-Unis,Neal Patterson,1.9
Amérique,États-Unis,Nelson Peltz,1.9
Amérique,États-Unis,Kavitark Ram Shriram,1.9
Amérique,États-Unis,Paul Singer,1.9
Amérique,États-Unis,Mark Walter,1.9
Amérique,États-Unis,Tor Peterson,1.9
Amérique,États-Unis,Amy Wyss,1.9
Amérique,États-Unis,Kenneth Feld,1.8
Amérique,États-Unis,Anne Gittinger,1.8
Amérique,États-Unis,David Gottesman,1.8
Amérique,États-Unis,Jeffrey Lorberbaum,1.8
Amérique,États-Unis,Catherine Lozick,1.8
Amérique,États-Unis,Craig McCaw,1.8
Amérique,États-Unis,Billy Joe (Red) McCombs,1.8
Amérique,États-Unis,Bruce Nordstrom,1.8
Amérique,États-Unis,Bob Parsons,1.8
Amérique,États-Unis,Robert Pera,1.8
Amérique,États-Unis,Peter Peterson,1.8
Amérique,États-Unis,Jennifer Pritzker,1.8
Amérique,États-Unis,Linda Pritzker,1.8
Amérique,États-Unis,Thomas Secunda,1.8
Amérique,États-Unis,David Walentas,1.8
Amérique,États-Unis,James Irsay,1.8
Amérique,États-Unis,"H. Ross Perot, Jr.",1.8
Amérique,États-Unis,"Richard Yuengling, Jr.",1.8
Amérique,États-Unis,Louis Bacon,1.7
Amérique,États-Unis,Sid Bass,1.7
Amérique,États-Unis,Mario Gabelli,1.7
Amérique,États-Unis,W. Herbert Hunt,1.7
Amérique,États-Unis,Irwin Jacobs,1.7
Amérique,États-Unis,"Joe Jamail, Jr.",1.7
Amérique,États-Unis,"Jim Justice, II.",1.7
Amérique,États-Unis,Vinod Khosla,1.7
Amérique,États-Unis,"Henry Nicholas, III.",1.7
Amérique,États-Unis,Dan Snyder,1.7
Amérique,États-Unis,Mark Stevens,1.7
Amérique,États-Unis,Vincent Viola,1.7
Amérique,États-Unis,Jon Yarbrough,1.7
Amérique,États-Unis,Eric Lefkofsky,1.7
Amérique,États-Unis,J. Joe Ricketts,1.7
Amérique,États-Unis,Leslie Alexander,1.6
Amérique,États-Unis,David Booth,1.6
Amérique,États-Unis,Sarah Chaney,1.6
Amérique,États-Unis,Alexandra Daitch,1.6
Amérique,États-Unis,John Henry,1.6
Amérique,États-Unis,Phillip Ragon,1.6
Amérique,États-Unis,Thomas Steyer,1.6
Amérique,États-Unis,Lucy Stitzer,1.6
Amérique,États-Unis,Katherine Tanner,1.6
Amérique,États-Unis,James Clark,1.6
Amérique,États-Unis,Richard Hayne,1.6
Amérique,États-Unis,Gary Michelson,1.6
Amérique,États-Unis,Nicolas Berggruen,1.5
Amérique,États-Unis,Timothy Boyle,1.5
Amérique,États-Unis,Darwin Deason,1.5
Amérique,États-Unis,"Frank Fertitta, III.",1.5
Amérique,États-Unis,Lorenzo Fertitta,1.5
Amérique,États-Unis,Martha Ford,1.5
Amérique,États-Unis,Paul Foster,1.5
Amérique,États-Unis,Christopher Goldsbury,1.5
Amérique,États-Unis,George Joseph,1.5
Amérique,États-Unis,Seth Klarman,1.5
Amérique,États-Unis,Gary Magness,1.5
Amérique,États-Unis,Alfred Mann,1.5
Amérique,États-Unis,Arturo Moreno,1.5
Amérique,États-Unis,Bobby Murphy,1.5
Amérique,États-Unis,Jay Paul,1.5
Amérique,États-Unis,"Nicholas Pritzker, II.",1.5
Amérique,États-Unis,Antony Ressler,1.5
Amérique,États-Unis,Rodney Sacks,1.5
Amérique,États-Unis,Evan Spiegel,1.5
Amérique,États-Unis,Edward Stack,1.5
Amérique,États-Unis,Sun Hongbin,1.5
Amérique,États-Unis,Henry Swieca,1.5
Amérique,États-Unis,Jim Thompson,1.5
Amérique,États-Unis,Todd Wagner,1.5
Amérique,États-Unis,Wilma Tisch,1.5
Amérique,États-Unis,Kenny Troutt,1.5
Amérique,États-Unis,"Herbert Allen, Jr.",1.4
Amérique,États-Unis,Edmund Ansin,1.4
Amérique,États-Unis,Carol Jenkins Barnett,1.4
Amérique,États-Unis,Alfred James Clark,1.4
Amérique,États-Unis,J. Christopher Flowers,1.4
Amérique,États-Unis,Alan Gerry,1.4
Amérique,États-Unis,Ryan Graves,1.4
Amérique,États-Unis,Stewart Horejsi,1.4
Amérique,États-Unis,Jane Lauder,1.4
Amérique,États-Unis,Aerin Lauder Zinterhofer,1.4
Amérique,États-Unis,Michael Price,1.4
Amérique,États-Unis,Jeff Rothschild,1.4
Amérique,États-Unis,Charles Simonyi,1.4
Amérique,États-Unis,Charlotte Colket Weber,1.4
Amérique,États-Unis,William Young,1.4
Amérique,États-Unis,Charles Zegar,1.4
Amérique,États-Unis,Steve Case,1.4
Amérique,États-Unis,Brian Roberts,1.4
Amérique,États-Unis,Joyce Raley Teel,1.4
Amérique,États-Unis,Dan Wilks,1.4
Amérique,États-Unis,Farris Wilks,1.4
Amérique,États-Unis,Aneel Bhusri,1.3
Amérique,États-Unis,Sanford Diller,1.3
Amérique,États-Unis,John Edson,1.3
Amérique,États-Unis,Stephen Feinberg,1.3
Amérique,États-Unis,Donald Hall,1.3
Amérique,États-Unis,"B. Wayne Hughes, Jr.",1.3
Amérique,États-Unis,Sidney Kimmel,1.3
Amérique,États-Unis,Jim Koch,1.3
Amérique,États-Unis,Michael Krasny,1.3
Amérique,États-Unis,James Leininger,1.3
Amérique,États-Unis,William Macaulay,1.3
Amérique,États-Unis,Charles Munger,1.3
Amérique,États-Unis,Gabe Newell,1.3
Amérique,États-Unis,Roger Penske,1.3
Amérique,États-Unis,Jerry Reinsdorf,1.3
Amérique,États-Unis,Leonard Schleifer,1.3
Amérique,États-Unis,Evgeny (Eugene) Shvidler,1.3
Amérique,États-Unis,Peter Sperling,1.3
Amérique,États-Unis,Michael Steinhardt,1.3
Amérique,États-Unis,Daniel Hirschfeld,1.3
Amérique,États-Unis,Alexander Spanos,1.3
Amérique,États-Unis,John Tyson,1.3
Amérique,États-Unis,Alan Auerbach,1.2
Amérique,États-Unis,William F. Austin,1.2
Amérique,États-Unis,O. Francis Biondi,1.2
Amérique,États-Unis,Richard Chilton Jr,1.2
Amérique,États-Unis,Brian Higgins,1.2
Amérique,États-Unis,J. Tomilson Hill,1.2
Amérique,États-Unis,Drew Houston,1.2
Amérique,États-Unis,Alexander Karp,1.2
Amérique,États-Unis,Maggie Magerko,1.2
Amérique,États-Unis,Alexander Rovt,1.2
Amérique,États-Unis,Robert Stiller,1.2
Amérique,États-Unis,Charles Brandes,1.2
Amérique,États-Unis,Clifford Illig,1.2
Amérique,États-Unis,Thomas Bailey,1.1
Amérique,États-Unis,William Berkley,1.1
Amérique,États-Unis,Jim Davis,1.1
Amérique,États-Unis,Henry Engelhardt,1.1
Amérique,États-Unis,Barbara Carlson Gage,1.1
Amérique,États-Unis,Jeffrey Gundlach,1.1
Amérique,États-Unis,Dorrance Hamilton,1.1
Amérique,États-Unis,Jon Huntsman,1.1
Amérique,États-Unis,Jeffrey Lurie,1.1
Amérique,États-Unis,John Morgridge,1.1
Amérique,États-Unis,Marilyn Carlson Nelson,1.1
Amérique,États-Unis,E. Joe Shoen,1.1
Amérique,États-Unis,Kenneth Tuchman,1.1
Amérique,États-Unis,Sara Blakely,1
Amérique,États-Unis,Tory Burch,1
Amérique,États-Unis,Fred Chang,1
Amérique,États-Unis,Leon Charney,1
Amérique,États-Unis,Robert Citrone,1
Amérique,États-Unis,Paul Fireman,1
Amérique,États-Unis,Ken Grossman,1
Amérique,États-Unis,Reed Hastings,1
Amérique,États-Unis,Ray Irani,1
Amérique,États-Unis,"Summerfield Johnston, Jr.",1
Amérique,États-Unis,Michael Jordan,1
Amérique,États-Unis,Thomas Kaplan,1
Amérique,États-Unis,Ryan Kavanaugh,1
Amérique,États-Unis,Martha MacMillan Bennett,1
Amérique,États-Unis,"Cargill MacMillan, III.",1
Amérique,États-Unis,John MacMillan,1
Amérique,États-Unis,William MacMillan,1
Amérique,États-Unis,John Martin,1
Amérique,États-Unis,Jonathan Oringer,1
Amérique,États-Unis,Robert Piccinini,1
Amérique,États-Unis,Andrea Reimann-Ciardelli,1
Amérique,États-Unis,Steven Roth,1
Amérique,États-Unis,Sheryl Sandberg,1
Amérique,États-Unis,Sanford Weill,1
Europe,Finlande,Antti Herlin,3.6
Europe,Finlande,Ilkka Herlin,1.2
Europe,Finlande,Niklas Herlin,1.2
Europe,Finlande,Ilona Herlin,1.1
Europe,Finlande,Antti Aarnio-Wihuri,1
Europe,France,Liliane Bettencourt,40.1
Europe,France,Bernard Arnault,37.2
Europe,France,Patrick Drahi,16
Europe,France,Serge Dassault,15.3
Europe,France,Francois Pinault,14.9
Europe,France,Pierre Castel,9.9
Europe,France,Alain Wertheimer,9.5
Europe,France,Gerard Wertheimer,9.5
Europe,France,Xavier Niel,9.3
Europe,France,Carrie Perrodo,8.8
Europe,France,Emmanuel Besnier,7.1
Europe,France,Vincent Bollore,6.7
Europe,France,Jean-Claude Decaux,6.7
Europe,France,Pierre Bellon,4.5
Europe,France,Martin & Olivier Bouygues,3.6
Europe,France,Alain Merieux,3.5
Europe,France,Jean Pierre Cayard,3.1
Europe,France,Philippe Foriel-Destezet,2.7
Europe,France,Michel Leclercq,2.6
Europe,France,Marie Besnier Beauvalot,2.5
Europe,France,Jean-Michel Besnier,2.5
Europe,France,Michel Chalhoub,2.2
Europe,France,Louis Le Duff,2.2
Europe,France,Marc Ladreit de Lacharriere,2.1
Europe,France,Nicolas Puech,2
Europe,France,Bernard Fraisse,1.9
Europe,France,Daniel Roullier,1.9
Europe,France,Elisabeth Badinter,1.7
Europe,France,Eduardo Carmignac,1.6
Europe,France,Marie-Jeanne Meyer,1.5
Europe,France,Monique Roosmale Nepveu,1.5
Europe,France,Claude Dauphin,1.4
Europe,France,Clement Fayat,1.4
Europe,France,Alain Taravella,1.3
Europe,France,Anne Beaufour,1.2
Europe,France,Henri Beaufour,1.2
Europe,France,Jean-Charles Naouri,1.2
Europe,France,Pierre Papillaud,1.2
Europe,France,Jacques Saade,1.2
Europe,France,Jean Burelle,1.2
Europe,France,Laurent Burelle,1.2
Europe,France,Gilles Martin,1.2
Europe,France,Hubert d'Ornano,1.1
Europe,France,Jeanine Dick,1.1
Europe,France,Jacques Merceron-Vicat,1.1
Europe,France,Mohed Altrad,1
Europe,France,Charles Edelstenne,1
Europe,Géorgie,Bidzina Ivanishvili,5.2
Europe,Grèce,Philip Niarchos,2.5
Europe,Grèce,Spiro Latsis,2.4
Europe,Grèce,Aristotelis Mistakidis,2.1
Amérique,Guatemala,Mario Lopez Estrada,1
Europe,Guernsey,Stephen Lansdown,1.8
Asie,Hong Kong,Li Ka-shing,33.3
Asie,Hong Kong,Lee Shau Kee,24.8
Asie,Hong Kong,Thomas & Raymond Kwok,15.9
Asie,Hong Kong,Cheng Yu-tung,14.4
Asie,Hong Kong,Lui Che Woo,13.5
Asie,Hong Kong,Joseph Lau,10.9
Asie,Hong Kong,Pan Sutong,8.6
Asie,Hong Kong,Peter Woo,8.6
Asie,Hong Kong,Walter Kwok,7
Asie,Hong Kong,Michael Kadoorie,6.2
Asie,Hong Kong,Hui Wing Mau,5.4
Asie,Hong Kong,Vivien Chen,5.2
Asie,Hong Kong,Pansy Ho,5
Asie,Hong Kong,Gong Hongjia,4.7
Asie,Hong Kong,Richard Li,4.5
Asie,Hong Kong,Francis Choi,3.7
Asie,Hong Kong,Chee Chen Tung,3.4
Asie,Hong Kong,Tang Yiu,3.1
Asie,Hong Kong,Ye Chenghai,3
Asie,Hong Kong,Samuel Tak Lee,2.9
Asie,Hong Kong,Edwin Leong,2.9
Asie,Hong Kong,Huang Shih Tsai,2.8
Asie,Hong Kong,Law Kar Po,2.8
Asie,Hong Kong,Michael Ying,2.8
Asie,Hong Kong,Ronald McAulay,2.7
Asie,Hong Kong,Silas Chou,2.5
Asie,Hong Kong,Patrick Lee,2.4
Asie,Hong Kong,Fong Yun Wah,2.3
Asie,Hong Kong,Chu Lam Yiu,2.2
Asie,Hong Kong,William Fung,2.2
Asie,Hong Kong,Lawrence Ho,2
Asie,Hong Kong,Or Wai Sheun,2
Asie,Hong Kong,King Pak Fu,1.9
Asie,Hong Kong,Lin Tianfu,1.9
Asie,Hong Kong,Li Sze Lim,1.8
Asie,Hong Kong,Angela Leong,1.7
Asie,Hong Kong,Vincent Lo,1.7
Asie,Hong Kong,Allan Wong,1.6
Asie,Hong Kong,Pollyanna Chu,1.6
Asie,Hong Kong,Sit Kwong Lam,1.6
Asie,Hong Kong,Cho Tak Wong,1.5
Asie,Hong Kong,Xiong Xuqiang,1.5
Asie,Hong Kong,Thomas Lau,1.4
Asie,Hong Kong,Lee Man Tat,1.4
Asie,Hong Kong,Zhang Zhirong,1.4
Asie,Hong Kong,Chen Jinsong,1.3
Asie,Hong Kong,Billy Kan,1.3
Asie,Hong Kong,Albert Yeung,1.3
Asie,Hong Kong,Gordon Wu,1.3
Asie,Hong Kong,Tang Hsiang-chien,1.2
Asie,Hong Kong,Wong Man Li,1.2
Asie,Hong Kong,Yu Peidi,1.1
Asie,Hong Kong,Cui Lijie,1
Asie,Hong Kong,Lo Siu Yu,1
Asie,Hong Kong,Neil Shen,1
Asie,Inde,Mukesh Ambani,21
Asie,Inde,Dilip Shanghvi,20
Asie,Inde,Azim Premji,19.1
Asie,Inde,Shiv Nadar,14.8
Asie,Inde,Lakshmi Mittal,13.5
Asie,Inde,Kumar Birla,9
Asie,Inde,Uday Kotak,7.2
Asie,Inde,Gautam Adani,6.6
Asie,Inde,Sunil Mittal,6.6
Asie,Inde,Cyrus Poonawalla,6.6
Asie,Inde,Desh Bandhu Gupta,5.8
Asie,Inde,Savitri Jindal,5.3
Asie,Inde,Micky Jagtiani,5.2
Asie,Inde,Adi Godrej,4.8
Asie,Inde,Jamshyd Godrej,4.8
Asie,Inde,Shashi & Ravi Ruia,4.5
Asie,Inde,Subhash Chandra,4.2
Asie,Inde,Benu Gopal Bangur,4.1
Asie,Inde,Anil Ambani,4
Asie,Inde,Vikram Lal,3.9
Asie,Inde,Pankaj Patel,3.9
Asie,Inde,Brijmohan Lall Munjal,3.8
Asie,Inde,Mangal Prabhat Lodha,3.4
Asie,Inde,Kushal Pal Singh,3.4
Asie,Inde,Indu Jain,3
Asie,Inde,Sudhir & Samir Mehta,3
Asie,Inde,Kalanithi Maran,2.9
Asie,Inde,Baba Kalyani,2.6
Asie,Inde,Rajan Raheja,2.6
Asie,Inde,Rahul Bajaj,2.5
Asie,Inde,M.A. Yusuff Ali,2.5
Asie,Inde,Ashwin Dani,2.4
Asie,Inde,Rishad Naoroji,2.4
Asie,Inde,Ravi Pillai,2.4
Asie,Inde,Kuldip Singh & Gurbachan Singh Dhingra,2.3
Asie,Inde,P.V. Ramprasad Reddy,2.3
Asie,Inde,Malvinder & Shivinder Singh,2.3
Asie,Inde,Chandru Raheja,2.2
Asie,Inde,Rakesh Jhunjhunwala,2.1
Asie,Inde,Habil Khorakiwala,2.1
Asie,Inde,N.R. Narayana Murthy,2.1
Asie,Inde,Ajay Piramal,2
Asie,Inde,Sunny Varkey,2
Asie,Inde,Murali Divi,1.9
Asie,Inde,Senapathy Gopalakrishnan,1.9
Asie,Inde,Anil Agarwal,1.8
Asie,Inde,Yusuf Hamied,1.8
Asie,Inde,Nirav Modi,1.8
Asie,Inde,Nandan Nilekani,1.8
Asie,Inde,Ravi Jaipuria,1.7
Asie,Inde,Ranjan Pai,1.7
Asie,Inde,B.R. Shetty,1.7
Asie,Inde,Venugopal Dhoot,1.6
Asie,Inde,Jitendra Virwani,1.6
Asie,Inde,Vivek Chand Burman,1.6
Asie,Inde,Devendra Jain,1.5
Asie,Inde,Lachhman Das Mittal,1.5
Asie,Inde,Mofatraj Munot,1.5
Asie,Inde,Anu Aga,1.5
Asie,Inde,Radhe Shyam Agarwal,1.4
Asie,Inde,Anand Burman,1.4
Asie,Inde,Radhe Shyam Goenka,1.4
Asie,Inde,Sanjiv Goenka,1.4
Asie,Inde,Harsh Mariwala,1.4
Asie,Inde,Sameer Gehlaut,1.3
Asie,Inde,Harsh Goenka,1.3
Asie,Inde,K. Dinesh,1.3
Asie,Inde,Vikas Oberoi,1.3
Asie,Inde,Hasmukh Chudgar,1.2
Asie,Inde,Vinod Gupta,1.2
Asie,Inde,Aloke Lohia,1.2
Asie,Inde,Anand Mahindra,1.2
Asie,Inde,Shishir Bajaj,1.2
Asie,Inde,Abhay Firodia,1.2
Asie,Inde,G.V. Prasad,1.2
Asie,Inde,Satish Reddy,1.2
Asie,Inde,S.D. Shibulal,1.2
Asie,Inde,V.G. Siddhartha,1.2
Asie,Inde,Niranjan Hiranandani,1.1
Asie,Inde,Surendra Hiranandani,1.1
Asie,Inde,Kishore Mariwala,1.1
Asie,Inde,Azad Moopen,1.1
Asie,Inde,Sanjay Singal,1.1
Asie,Inde,Achal Bakeri,1.1
Asie,Inde,Amit Burman,1.1
Asie,Inde,T.S. Kalyanaraman,1.1
Asie,Inde,Sidharth Burman,1
Asie,Inde,Kiran Mazumdar-Shaw,1
Asie,Inde,Subhash Runwal,1
Asie,Inde,Bhadresh Shah,1
Asie,Indonésie,R. Budi Hartono,9
Asie,Indonésie,Michael Hartono,8.7
Asie,Indonésie,Sri Prakash Lohia,4.7
Asie,Indonésie,Chairul Tanjung,4.3
Asie,Indonésie,Mochtar Riady,2.6
Asie,Indonésie,Peter Sondakh,2.3
Asie,Indonésie,Bachtiar Karim,2
Asie,Indonésie,Theodore Rachmat,1.9
Asie,Indonésie,Ciputra,1.8
Asie,Indonésie,Sukanto Tanoto,1.8
Asie,Indonésie,Tahir,1.8
Asie,Indonésie,Murdaya Poo,1.7
Asie,Indonésie,Martua Sitorus,1.7
Asie,Indonésie,Purnomo Prawiro,1.5
Asie,Indonésie,Hary Tanoesoedibjo,1.4
Asie,Indonésie,Achmad Hamami,1.3
Asie,Indonésie,Edwin Soeryadjaya,1.2
Asie,Indonésie,Husain Djojonegoro,1.1
Asie,Indonésie,Djoko Susanto,1.1
Asie,Indonésie,Low Tuck Kwong,1
Asie,Indonésie,Benny Subianto,1
Asie,Indonésie,Harjo Sutanto,1
Europe,Irlande,Pallonji Mistry,16.3
Europe,Irlande,Denis O'Brien,6.8
Europe,Irlande,Martin Naughton,2.8
Europe,Irlande,"John Dorrance, III.",2.6
Europe,Irlande,Dermot Desmond,1.8
Europe,Islande,Thor Bjorgolfsson,1.3
Asie,Israël,Eyal Ofer,8.5
Asie,Israël,Stef Wertheimer,5.6
Asie,Israël,Arnon Milchan,5.1
Asie,Israël,Idan Ofer,4.8
Asie,Israël,Shari Arison,4.4
Asie,Israël,Yitzhak Tshuva,3.6
Asie,Israël,Beny Steinmetz,3.5
Asie,Israël,Teddy Sagi,3.3
Asie,Israël,Shaul Shani,3
Asie,Israël,Alexander Machkevich,2.2
Asie,Israël,Gil Shwed,2.2
Asie,Israël,Marius Nacht,1.8
Asie,Israël,Dan Gertler,1.6
Asie,Israël,Mori Arkin,1.3
Asie,Israël,Lev Leviev,1.2
Asie,Israël,Shlomo Eliahu,1.1
Asie,Israël,Morris Kahn,1
Europe,Italie,Maria Franca Fissolo,23.4
Europe,Italie,Leonardo Del Vecchio,20.4
Europe,Italie,Stefano Pessina,12.1
Europe,Italie,Massimiliana Landini Aleotti,10.4
Europe,Italie,Giorgio Armani,7.6
Europe,Italie,Silvio Berlusconi,7.4
Europe,Italie,Augusto & Giorgio Perfetti,6
Europe,Italie,Paolo & Gianfelice Mario Rocca,5.2
Europe,Italie,Patrizio Bertelli,4.1
Europe,Italie,Miuccia Prada,4.1
Europe,Italie,Renzo Rosso,3.2
Europe,Italie,Carlo Benetton,2.9
Europe,Italie,Gilberto Benetton,2.9
Europe,Italie,Giuliana Benetton,2.9
Europe,Italie,Luciano Benetton,2.9
Europe,Italie,Giuseppe De'Longhi,2.9
Europe,Italie,Rosa Anna Magno Garavoglia,2.9
Europe,Italie,Bernardo Caprotti,2.2
Europe,Italie,Francesco Gaetano Caltagirone,2.1
Europe,Italie,Ennio Doris,2.1
Europe,Italie,Sandro Veronesi,2
Europe,Italie,Mario Moretti Polegato,1.9
Europe,Italie,Alberto Prada,1.8
Europe,Italie,Marina Prada,1.8
Europe,Italie,Luigi Rovati,1.8
Europe,Italie,Diego Della Valle,1.8
Europe,Italie,Domenico Dolce,1.7
Europe,Italie,Stefano Gabbana,1.7
Europe,Italie,Alberto Bombassei,1.5
Europe,Italie,Paolo Bulgari,1.4
Europe,Italie,Pier Luigi Loro Piana,1.4
Europe,Italie,Nicola Bulgari,1.3
Europe,Italie,Andrea Della Valle,1.3
Europe,Italie,Massimo Moratti,1.3
Europe,Italie,Gian Marco Moratti,1.3
Europe,Italie,Luigi Cremonini,1.2
Europe,Italie,Remo Ruffini,1.2
Europe,Italie,Brunello Cucinelli,1.1
Europe,Italie,Gustavo Denegri,1.1
Asie,Japon,Tadashi Yanai,20.2
Asie,Japon,Masayoshi Son,14.1
Asie,Japon,Hiroshi Mikitani,8.7
Asie,Japon,Takemitsu Takizaki,7.6
Asie,Japon,Keiichiro Takahara,5.6
Asie,Japon,Kunio Busujima,4.5
Asie,Japon,Han Chang-Woo,4.2
Asie,Japon,Akira Mori,3.7
Asie,Japon,Masatoshi Ito,3.4
Asie,Japon,Masahiro Miki,3.3
Asie,Japon,Shigenobu Nagamori,3.3
Asie,Japon,Yoshiko Mori,2.5
Asie,Japon,Yasumitsu Shigeta,2
Asie,Japon,Takao Yasuda,1.8
Asie,Japon,Akio Nitori,1.7
Asie,Japon,Naruatsu Baba,1.6
Asie,Japon,Katsumi Tada,1.5
Asie,Japon,Kenji Kasahara,1.4
Asie,Japon,Yusaku Maezawa,1.3
Asie,Japon,Kazuo Okada,1.3
Asie,Japon,Soichiro Fukutake,1.1
Asie,Japon,Yoshikazu Tanaka,1.1
Asie,Japon,Yoshiyuki Sankai,1.1
Asie,Japon,Nobutada Saji,1
Asie,Kazakhstan,Bulat Utemuratov,2.6
Asie,Kazakhstan,Alijan Ibragimov,2.2
Asie,Kazakhstan,Timur Kulibaev,2.1
Asie,Kazakhstan,Dinara Kulibaeva,2.1
Asie,Kazakhstan,Vladimir Kim,1.8
Asie,Koweit,Fawzi Al-Kharafi,1.3
Asie,Koweit,Jassim Al-Kharafi,1.3
Asie,Koweit,Mohannad Al-Kharafi,1.3
Asie,Koweit,Bassam Alghanim,1.1
Asie,Koweit,Kutayba Alghanim,1.1
Asie,Liban,Najib Mikati,3.3
Asie,Liban,Taha Mikati,3.3
Asie,Liban,Bahaa Hariri,2.3
Asie,Liban,Saad Hariri,1.5
Asie,Liban,Robert Mouawad,1.5
Asie,Liban,Ayman Hariri,1.1
Asie,Liban,Fahd Hariri,1.1
Europe,Lituanie,Nerijus Numavicius,1
Asie,Malaysie,Robert Kuok,11.3
Asie,Malaysie,Ananda Krishnan,9.7
Asie,Malaysie,Quek Leng Chan,5.6
Asie,Malaysie,Teh Hong Piow,5.4
Asie,Malaysie,Lee Shin Cheng,4.6
Asie,Malaysie,Yeoh Tiong Lay,3
Asie,Malaysie,Syed Mokhtar AlBukhary,2.9
Asie,Malaysie,Goh Peng Ooi,1.6
Asie,Malaysie,Tiong Hiew King,1.4
Asie,Malaysie,Danny Tan Chee Sing,1.3
Asie,Malaysie,Vincent Tan,1.2
Asie,Malaysie,Lau Cho Kun,1.1
Afrique,Maroc,Othman Benjelloun,2.3
Afrique,Maroc,Aziz Akhannouch,1.7
Afrique,Maroc,Miloud Chaabi,1.3
Amérique,Mexique,Carlos Slim Helu,77.1
Amérique,Mexique,German Larrea Mota Velasco,13.9
Amérique,Mexique,Alberto Bailleres Gonzalez,10.4
Amérique,Mexique,Ricardo Salinas Pliego,8
Amérique,Mexique,Eva Gonda de Rivera,6.7
Amérique,Mexique,Maria Asuncion Aramburuzabala,5.6
Amérique,Mexique,Jeronimo Arango,4.3
Amérique,Mexique,Antonio Del Valle Ruiz,3.7
Amérique,Mexique,Emilio Azcarraga Jean,3.1
Amérique,Mexique,Carlos Hank Rhon,2.4
Amérique,Mexique,Jose and Francisco Jose Calderon Rojas,2.1
Amérique,Mexique,Roberto Hernandez Ramirez,1.8
Amérique,Mexique,Max Michel Suberville,1.5
Amérique,Mexique,Alfredo Harp Helu,1.4
Amérique,Mexique,Rufino Vigil Gonzalez,1.3
Amérique,Mexique,David Penaloza Alanis,1.2
Europe,Monaco,David Nahmad,1.9
Europe,Monaco,Ezra Nahmad,1.5
Europe,Monaco,Lily Safra,1.3
Asie,Népal,Binod Chaudhary,1.3
Afrique,Nigeria,Aliko Dangote,14.7
Afrique,Nigeria,Mike Adenuga,4.2
Afrique,Nigeria,Folorunsho Alakija,2
Afrique,Nigeria,Femi Otedola,1
Afrique,Nigeria,Abdulsamad Rabiu,1
Europe,Norvège,Odd Reitan,5.2
Europe,Norvège,Stein Erik Hagen,4.7
Europe,Norvège,Johan Johannson,3.1
Europe,Norvège,Andreas Halvorsen,2.8
Europe,Norvège,Arne Wilhelmsen,2.4
Europe,Norvège,Kjell Inge Rokke,1.9
Europe,Norvège,Petter Stordalen,1.6
Europe,Norvège,Gjert Wilhelmsen,1.3
Europe,Norvège,Alexander Vik,1.1
Europe,Norvège,Trond Mohn,1
Océanie,Nouvelle-Zélande,Graeme Hart,6.9
Océanie,Nouvelle-Zélande,Richard Chandler,3
Asie,Oman,Mohammed Al Barwani,1.2
Asie,Oman,P.N.C. Menon,1
Afrique,Ouganda,Sudhir Ruparelia,1.1
Europe,Pays-Bas,Charlene de Carvalho-Heineken,11.6
Europe,Pays-Bas,Frits Goldschmeding,4.1
Europe,Pays-Bas,Hans Melchers,2.2
Europe,Pays-Bas,Wim Van Der Leegte,2.1
Europe,Pays-Bas,John de Mol,1.8
Europe,Pays-Bas,Joop van den Ende,1.6
Europe,Pays-Bas,Kommer Damen,1.5
Europe,Pays-Bas,Ralph Sonnenberg,1.5
Europe,Pays-Bas,"Carolus Nolet, Sr.",1.1
Amérique,Pérou,Carlos Rodriguez-Pastor,2.1
Amérique,Pérou,Ana Maria Brescia Cafferata,1.6
Amérique,Pérou,Rosa Brescia Cafferata,1.6
Amérique,Pérou,Eduardo Belmont Anderson,1.3
Amérique,Pérou,Vito Rodriguez Rodriguez,1.2
Amérique,Pérou,Jorge Rodriguez Rodriguez,1.1
Asie,Philippines,Henry Sy,14.2
Asie,Philippines,"John Gokongwei, Jr.",5.8
Asie,Philippines,"Enrique Razon, Jr.",5.2
Asie,Philippines,Andrew Tan,4.8
Asie,Philippines,Lucio Tan,4.4
Asie,Philippines,George Ty,4.4
Asie,Philippines,David Consunji,4.1
Asie,Philippines,Tony Tan Caktiong,2.7
Asie,Philippines,Lucio and Susan Co,2.3
Asie,Philippines,"Robert Coyiuto, Jr.",1.8
Asie,Philippines,Manuel Villar,1.6
Europe,Pologne,Jan Kulczyk,4
Europe,Pologne,Zygmunt Solorz-Zak,3.2
Europe,Pologne,Michal Solowow,2
Europe,Pologne,Leszek Czarnecki,1.3
Europe,Pologne,Dariusz Milek,1.1
Europe,Portugal,Americo Amorim,4.4
Europe,Portugal,Belmiro de Azevedo,2
Europe,Portugal,Alexandre Soares dos Santos,1.8
Europe,République tchèque,Petr Kellner,8.4
Europe,République tchèque,Andrej Babis,2.5
Europe,République tchèque,Radovan Vitek,1.8
Europe,République tchèque,Karel Komarek,1.7
Europe,République tchèque,Pavel Tykac,1.1
Europe,Roumanie,Ioan Niculae,1.2
Europe,Roumanie,Ion Tiriac,1
Europe,Royaume-Uni,Hinduja Brothers,14.5
Europe,Royaume-Uni,David & Simon Reuben,13.7
Europe,Royaume-Uni,Gerald Cavendish Grosvenor,12.6
Europe,Royaume-Uni,Charles Cadogan,7.2
Europe,Royaume-Uni,Bruno Schroder,5.9
Europe,Royaume-Uni,Joe Lewis,5.4
Europe,Royaume-Uni,David & Frederick Barclay,5.2
Europe,Royaume-Uni,Philip & Cristina Green,5.1
Europe,Royaume-Uni,Laurence Graff,5
Europe,Royaume-Uni,Michael Ashley,4.9
Europe,Royaume-Uni,James Dyson,4.9
Europe,Royaume-Uni,Richard Branson,4.8
Europe,Royaume-Uni,Ian & Richard Livingstone,4.4
Europe,Royaume-Uni,Anthony Bamford,4.3
Europe,Royaume-Uni,Bernard Ecclestone,3.9
Europe,Royaume-Uni,Michael Platt,3.5
Europe,Royaume-Uni,Eddie & Sol Zakay,3.1
Europe,Royaume-Uni,Stephen Rubin,3
Europe,Royaume-Uni,John Whittaker,2.9
Europe,Royaume-Uni,Peter Hargreaves,2.8
Europe,Royaume-Uni,Charles Dunstone,2.7
Europe,Royaume-Uni,John Caudwell,2.6
Europe,Royaume-Uni,Clive Calder,2.5
Europe,Royaume-Uni,Denise Coates,2.5
Europe,Royaume-Uni,Mary & Douglas Perkins,2.5
Europe,Royaume-Uni,Christos Lazari,2.1
Europe,Royaume-Uni,Farhad Moshiri,2.1
Europe,Royaume-Uni,Mark Coombs,1.9
Europe,Royaume-Uni,Bill Adderley,1.8
Europe,Royaume-Uni,Richard Elman,1.8
Europe,Royaume-Uni,James Ratcliffe,1.8
Europe,Royaume-Uni,Richard Desmond,1.7
Europe,Royaume-Uni,Tom Morris,1.7
Europe,Royaume-Uni,Ian Wood,1.7
Europe,Royaume-Uni,Alex Beard,1.6
Europe,Royaume-Uni,Alan Howard,1.6
Europe,Royaume-Uni,Robert Miller,1.6
Europe,Royaume-Uni,Michael Ashcroft,1.5
Europe,Royaume-Uni,David Harding,1.5
Europe,Royaume-Uni,Jonathan Harmsworth,1.5
Europe,Royaume-Uni,Benedicta Chamberlain,1.4
Europe,Royaume-Uni,Kenneth Lo,1.4
Europe,Royaume-Uni,Hilton Schlosberg,1.4
Europe,Royaume-Uni,Jasminder Singh,1.3
Europe,Royaume-Uni,Ayman Asfari,1.2
Europe,Royaume-Uni,John Coates,1.2
Europe,Royaume-Uni,Mark Dixon,1.2
Europe,Royaume-Uni,Mohammed Ibrahim,1.1
Europe,Royaume-Uni,Raghuvinder Kataria,1.1
Europe,Royaume-Uni,David Sainsbury,1.1
Europe,Royaume-Uni,Chris Dawson,1
Europe,Royaume-Uni,Michael Lynch,1
Europe,Royaume-Uni,David McMurtry,1
Asie,Russie,Vladimir Potanin,15.4
Asie,Russie,Mikhail Fridman,14.6
Asie,Russie,Alisher Usmanov,14.4
Asie,Russie,Viktor Vekselberg,14.2
Asie,Russie,Alexey Mordashov,13
Asie,Russie,Vagit Alekperov,12.2
Asie,Russie,Leonid Mikhelson,11.7
Asie,Russie,Vladimir Lisin,11.6
Asie,Russie,Gennady Timchenko,10.7
Asie,Russie,Mikhail Prokhorov,9.9
Asie,Russie,German Khan,9.5
Asie,Russie,Roman Abramovich,9.1
Asie,Russie,Andrey Melnichenko,9.1
Asie,Russie,Dmitry Rybolovlev,8.5
Asie,Russie,Sergei Galitsky,8.3
Asie,Russie,Alexei Kuzmichev,7.3
Asie,Russie,Oleg Deripaska,6.2
Asie,Russie,Andrei Skoch,5.7
Asie,Russie,Leonid Fedun,5.3
Asie,Russie,Pyotr Aven,5.1
Asie,Russie,Sergei Popov,4.6
Asie,Russie,Alexander Abramov,4.5
Asie,Russie,Filaret Galchev,4.4
Asie,Russie,Zarakh Iliev,4.3
Asie,Russie,God Nisanov,4.3
Asie,Russie,Samvel Karapetyan,4
Asie,Russie,Dmitry Kamenshchik,3.8
Asie,Russie,Andrei Guriev,3.5
Asie,Russie,Iskander Makhmudov,3.5
Asie,Russie,Viktor Rashnikov,3.5
Asie,Russie,Suleiman Kerimov,3.4
Asie,Russie,Yuri Milner,3.2
Asie,Russie,Alexander Svetakov,3.1
Asie,Russie,Igor Kesaev,3
Asie,Russie,Vladimir Yevtushenkov,2.8
Asie,Russie,Alexander Mamut,2.5
Asie,Russie,Alexander Nesis,2.5
Asie,Russie,Mikhail Gutseriev,2.4
Asie,Russie,Alexander Ponomarenko,2.4
Asie,Russie,Alexander Skorobogatko,2.4
Asie,Russie,Vyacheslav Kantor,2.3
Asie,Russie,Igor Makarov,2.1
Asie,Russie,Vasily Anisimov,2
Asie,Russie,Vladimir Bogdanov,2
Asie,Russie,Andrei Kozitsyn,2
Asie,Russie,Aras Agalarov,1.9
Asie,Russie,Vadim Moshkovich,1.9
Asie,Russie,Alexander Frolov,1.8
Asie,Russie,Yuri Shefler,1.8
Asie,Russie,Mikhail Balakin,1.7
Asie,Russie,Nikolai Buinov,1.7
Asie,Russie,Igor Altushkin,1.6
Asie,Russie,Danil Khachaturov,1.6
Asie,Russie,Boris Mints,1.6
Asie,Russie,Gavril Yushvaev,1.6
Asie,Russie,Alexander Dzhaparidze,1.5
Asie,Russie,Farkhad Akhmedov,1.4
Asie,Russie,Pyotr Kondrashev,1.4
Asie,Russie,Anatoly Lomakin,1.4
Asie,Russie,Arkady Rotenberg,1.4
Asie,Russie,Oleg Boyko,1.3
Asie,Russie,Andrei Kosogov,1.3
Asie,Russie,Dmitry Mazepin,1.3
Asie,Russie,Alexei Ananyev,1.3
Asie,Russie,Dmitry Ananyev,1.3
Asie,Russie,Nikolai Tsvetkov,1.3
Asie,Russie,Gleb Fetisov,1.2
Asie,Russie,Valentin Gapontsev,1.2
Asie,Russie,Vladimir Gruzdev,1.2
Asie,Russie,Sergei Katsiev,1.2
Asie,Russie,Lev Kvetnoi,1.2
Asie,Russie,Airat Shaimiev,1.2
Asie,Russie,Roman Avdeev,1.1
Asie,Russie,Alexei Bogachev,1.1
Asie,Russie,Konstantin Grigorishin,1.1
Asie,Russie,Yuri Gushchin,1.1
Asie,Russie,Alexander Lutsenko,1.1
Asie,Russie,Ziyad Manasir,1.1
Asie,Russie,Nikolai Maximov,1.1
Asie,Russie,Andrei Rappoport,1.1
Asie,Russie,Radik Shaimiev,1.1
Asie,Russie,Rustem Sulteev,1.1
Asie,Russie,Roustam Tariko,1.1
Asie,Russie,Albert Shigaboutdinov,1.1
Asie,Russie,Elena Baturina,1
Asie,Russie,Eugene Kaspersky,1
Asie,Russie,Zelimkhan Mutsoev,1
Asie,Russie,Leonid Simanovsky,1
Amérique,Saint-Christophe-et-Niévès,Jacky Xu,1.2
Asie,Singapour,Robert & Philip Ng,9.6
Asie,Singapour,Goh Cheng Liang,6.8
Asie,Singapour,Cho Yaw Wee,5.5
Asie,Singapour,Kwee brothers,4.9
Asie,Singapour,Jason Chang,3.2
Asie,Singapour,Leng Beng Kwek,2.6
Asie,Singapour,Chang Yun Chung,2.4
Asie,Singapour,Raj Kumar & Kishin RK,2.3
Asie,Singapour,Khoon Hong Kuok,2.3
Asie,Singapour,Sam Goi,2.1
Asie,Singapour,Peter Lim,2
Asie,Singapour,Oon Kuin Lim,1.7
Asie,Singapour,Asok Kumar Hiranandani,1.4
Asie,Singapour,Chong Ngen Choo,1.3
Asie,Singapour,Wee Meng Koh,1.3
Asie,Singapour,Ron Sim,1.2
Asie,Singapour,Zhong Sheng Jian,1.1
Asie,Singapour,Thian Poh Chua,1.1
Asie,Singapour,Hong Leong Oei,1
Europe,Suède,Stefan Persson,24.5
Europe,Suède,Hans Rausing,12.5
Europe,Suède,Melker Schorling,6.4
Europe,Suède,Jorn Rausing,5.5
Europe,Suède,Antonia Johnson,5.3
Europe,Suède,Dan Olsson,5.1
Europe,Suède,Finn Rausing,5.1
Europe,Suède,Kirsten Rausing,5.1
Europe,Suède,Bertil Hult,5
Europe,Suède,Frederik Paulsen,4.9
Europe,Suède,Lottie Tham,4.3
Europe,Suède,Gustaf Douglas,4.2
Europe,Suède,Fredrik Lundberg,3.7
Europe,Suède,Ingvar Kamprad,3.5
Europe,Suède,Karl-Johan Persson,3
Europe,Suède,Tom Persson,3
Europe,Suède,Charlotte Soderstrom,3
Europe,Suède,Carl Bennet,2.6
Europe,Suède,Stefan Olsson,2.5
Europe,Suède,Torbjorn Tornqvist,2
Europe,Suède,Madeleine Olsson Ericksson,1.9
Europe,Suède,Markus Persson,1.3
Europe,Suède,Thomas Sandell,1.3
Europe,Suisse,Ernesto Bertarelli,8.8
Europe,Suisse,Margarita Louis-Dreyfus,8.4
Europe,Suisse,Gianluigi & Rafaela Aponte,7.9
Europe,Suisse,Willi & Isolde Liebherr,6.1
Europe,Suisse,Hansjoerg Wyss,6.1
Europe,Suisse,Thomas Schmidheiny,5.5
Europe,Suisse,Ivan Glasenberg,5.1
Europe,Suisse,Dona Bertarelli,4.6
Europe,Suisse,Rahel Blocher,3.5
Europe,Suisse,Magdalena Martullo-Blocher,3.4
Europe,Suisse,Michael Pieper,3.3
Europe,Suisse,Stephan Schmidheiny,3.3
Europe,Suisse,Sergio Mantegazza,2.9
Europe,Suisse,Eva Maria Bucher-Haefner,2.7
Europe,Suisse,Martin Haefner,2.7
Europe,Suisse,Thomas Meyer,2.5
Europe,Suisse,Maja Oeri,2.3
Europe,Suisse,Edgar de Picciotto,2.2
Europe,Suisse,Peter Spuhler,2.2
Europe,Suisse,Jean Claude Gandur,2.1
Europe,Suisse,Esther Grether,2.1
Europe,Suisse,"Karl Scheufele, III.",1.7
Europe,Suisse,Benjamin de Rothschild,1.5
Europe,Suisse,Walter Frey,1.5
Europe,Suisse,Thomas Straumann,1.4
Europe,Suisse,Miriam Blocher,1.3
Europe,Suisse,Gary Fegel,1.2
Europe,Suisse,Rudolf Maag,1.2
Europe,Suisse,Beda Diethelm,1.1
Afrique,Swaziland,Nathan Kirsh,3.9
Asie,Taiwan,Tsai Eng-Meng,8.9
Asie,Taiwan,Terry Gou,6.1
Asie,Taiwan,Lin Yu-lin,5.7
Asie,Taiwan,Luo Jye,4.3
Asie,Taiwan,Lin Rong San,4.2
Asie,Taiwan,Barry Lam,4.1
Asie,Taiwan,Samuel Yin,3.8
Asie,Taiwan,Daniel Tsai,3
Asie,Taiwan,Richard Tsai,3
Asie,Taiwan,Tsai Hong-tu,2.3
Asie,Taiwan,Tsai Cheng-da,2.1
Asie,Taiwan,T.Y. Tsai,2.1
Asie,Taiwan,Wei Ing-Chou,2.1
Asie,Taiwan,Pierre Chen,2
Asie,Taiwan,Wei Yin-Chun,2
Asie,Taiwan,Wei Yin-Heng,2
Asie,Taiwan,Wei Ying-Chiao,2
Asie,Taiwan,Chang Yung Fa,1.8
Asie,Taiwan,Tsai Ming-Kai,1.7
Asie,Taiwan,Tseng Shin-Yi,1.7
Asie,Taiwan,Liao Long-Shing,1.6
Asie,Taiwan,Suhon Lin,1.6
Asie,Taiwan,Bruce Cheng,1.6
Asie,Taiwan,Scott Lin,1.5
Asie,Taiwan,Chao Teng-Hsiung,1.5
Asie,Taiwan,Chen Yung-Tai,1.5
Asie,Taiwan,Douglas Hsu,1.4
Asie,Taiwan,Richard Chang,1.3
Asie,Taiwan,Lin Ming-Hsiung,1.3
Asie,Taiwan,Tony Chen,1.2
Asie,Taiwan,Wu Chung-Yi,1.1
Asie,Taiwan,Chin Jong Hwa,1
Asie,Taiwan,Thomas Wu,1
Afrique,Tanzanie,Mohammed Dewji,1.3
Afrique,Tanzanie,Rostam Azizi,1
Asie,Thaïlande,Dhanin Chearavanont,13.6
Asie,Thaïlande,Charoen Sirivadhanabhakdi,13.2
Asie,Thaïlande,Krit Ratanarak,3.8
Asie,Thaïlande,Vanich Chaiyawan,3.7
Asie,Thaïlande,Prasert Prasarttong-Osoth,2.8
Asie,Thaïlande,Vichai Srivaddhanaprabha,2.6
Asie,Thaïlande,Thaksin Shinawatra,1.7
Asie,Thaïlande,Thongma Vijitpongpun,1.7
Asie,Thaïlande,Keeree Kanjanapas,1.7
Asie,Thaïlande,Sudthida Ratanarak,1.7
Asie,Thaïlande,Wichai Thongtang,1.6
Asie,Thaïlande,William Heinecke,1.4
Asie,Thaïlande,Surang Prempree,1.4
Asie,Thaïlande,Somphote Ahunai,1.4
Asie,Thaïlande,Kiat Chiaravanont,1.4
Asie,Thaïlande,Eddy Kusnadi Sariaatmadja,1.3
Asie,Thaïlande,Surin Upatkoon,1.3
Asie,Turquie,Murat Ulker,4.4
Asie,Turquie,Husnu Ozyegin,2.7
Asie,Turquie,Semahat Sevim Arsel,2.6
Asie,Turquie,Mustafa Rahmi Koc,2.5
Asie,Turquie,Ferit Faik Sahenk,2.5
Asie,Turquie,Sarik Tara,2.4
Asie,Turquie,Erman Ilicak,2.2
Asie,Turquie,Suna Kirac,2.2
Asie,Turquie,Filiz Sahenk,2.2
Asie,Turquie,Ali Ibrahim Agaoglu,1.8
Asie,Turquie,Ahsen Ozokur,1.7
Asie,Turquie,Bulent Eczacibasi,1.5
Asie,Turquie,Ahmet Calik,1.4
Asie,Turquie,Faruk Eczacibasi,1.4
Asie,Turquie,Ahmet Nazif Zorlu,1.4
Asie,Turquie,Mustafa Latif Topbas,1.4
Asie,Turquie,Hamdi Ulukaya,1.4
Asie,Turquie,Mehmet Aydinlar,1.3
Asie,Turquie,Mubariz Gurbanoglu,1.3
Asie,Turquie,Turgay Ciner,1.3
Asie,Turquie,Deniz Sahenk,1.3
Asie,Turquie,Mehmet Rustu Basaran,1.2
Asie,Turquie,Mehmet Nazif Gunal,1.2
Asie,Turquie,Mehmet Sinan Tara,1.2
Asie,Turquie,Mehmet Emin Karamehmet,1.2
Asie,Turquie,Mustafa Vehbi Koc,1.1
Asie,Turquie,Sevket Sabanci,1.1
Asie,Turquie,Aydin Dogan,1
Asie,Turquie,Suzan Sabanci Dincer,1
Asie,Turquie,Serra Sabanci,1
Asie,Turquie,Murat Vargi,1
Asie,Turquie,Fatma Yazici,1
Europe,Ukraine,Rinat Akhmetov,6.7
Europe,Ukraine,Victor Pinchuk,1.5
Europe,Ukraine,Ihor Kolomoyskyy,1.3
Europe,Ukraine,Henadiy Boholyubov,1.3
Europe,Ukraine,Yuriy Kosiuk,1.1
Amérique,Venezuela,Gustavo Cisneros,3.6
Amérique,Venezuela,Juan Carlos Escotet,3.3
Amérique,Venezuela,Lorenzo Mendoza,2.7
Asie,Vietnam,Pham Nhat Vuong,1.7